Copyright 1986-2022 Xilinx, Inc. All Rights Reserved. Copyright 2022-2023 Advanced Micro Devices, Inc. All Rights Reserved.
---------------------------------------------------------------------------------------------------------------------------------------------------------------------------------------------------------------------------------------------
| Tool Version : Vivado v.2023.2 (win64) Build 4029153 Fri Oct 13 20:14:34 MDT 2023
| Date         : Wed Sep 18 11:47:12 2024
| Host         : DESKTOP-5D6U9FV running 64-bit major release  (build 9200)
| Command      : report_timing_summary -max_paths 10 -report_unconstrained -file design_1_wrapper_timing_summary_routed.rpt -pb design_1_wrapper_timing_summary_routed.pb -rpx design_1_wrapper_timing_summary_routed.rpx -warn_on_violation
| Design       : design_1_wrapper
| Device       : 7z020-clg400
| Speed File   : -1  PRODUCTION 1.12 2019-11-22
| Design State : Routed
---------------------------------------------------------------------------------------------------------------------------------------------------------------------------------------------------------------------------------------------

Timing Summary Report

------------------------------------------------------------------------------------------------
| Timer Settings
| --------------
------------------------------------------------------------------------------------------------

  Enable Multi Corner Analysis               :  Yes
  Enable Pessimism Removal                   :  Yes
  Pessimism Removal Resolution               :  Nearest Common Node
  Enable Input Delay Default Clock           :  No
  Enable Preset / Clear Arcs                 :  No
  Disable Flight Delays                      :  No
  Ignore I/O Paths                           :  No
  Timing Early Launch at Borrowing Latches   :  No
  Borrow Time for Max Delay Exceptions       :  Yes
  Merge Timing Exceptions                    :  Yes
  Inter-SLR Compensation                     :  Conservative

  Corner  Analyze    Analyze    
  Name    Max Paths  Min Paths  
  ------  ---------  ---------  
  Slow    Yes        Yes        
  Fast    Yes        Yes        


------------------------------------------------------------------------------------------------
| Report Methodology
| ------------------
------------------------------------------------------------------------------------------------

Rule       Severity  Description                    Violations  
---------  --------  -----------------------------  ----------  
TIMING-18  Warning   Missing input or output delay  8           

Note: This report is based on the most recent report_methodology run and may not be up-to-date. Run report_methodology on the current design for the latest report.



check_timing report

Table of Contents
-----------------
1. checking no_clock (0)
2. checking constant_clock (0)
3. checking pulse_width_clock (0)
4. checking unconstrained_internal_endpoints (0)
5. checking no_input_delay (0)
6. checking no_output_delay (8)
7. checking multiple_clock (0)
8. checking generated_clocks (0)
9. checking loops (0)
10. checking partial_input_delay (0)
11. checking partial_output_delay (0)
12. checking latch_loops (0)

1. checking no_clock (0)
------------------------
 There are 0 register/latch pins with no clock.


2. checking constant_clock (0)
------------------------------
 There are 0 register/latch pins with constant_clock.


3. checking pulse_width_clock (0)
---------------------------------
 There are 0 register/latch pins which need pulse_width check


4. checking unconstrained_internal_endpoints (0)
------------------------------------------------
 There are 0 pins that are not constrained for maximum delay.

 There are 0 pins that are not constrained for maximum delay due to constant clock.


5. checking no_input_delay (0)
------------------------------
 There are 0 input ports with no input delay specified.

 There are 0 input ports with no input delay but user has a false path constraint.


6. checking no_output_delay (8)
-------------------------------
 There are 8 ports with no output delay specified. (HIGH)

 There are 0 ports with no output delay but user has a false path constraint

 There are 0 ports with no output delay but with a timing clock defined on it or propagating through it


7. checking multiple_clock (0)
------------------------------
 There are 0 register/latch pins with multiple clocks.


8. checking generated_clocks (0)
--------------------------------
 There are 0 generated clocks that are not connected to a clock source.


9. checking loops (0)
---------------------
 There are 0 combinational loops in the design.


10. checking partial_input_delay (0)
------------------------------------
 There are 0 input ports with partial input delay specified.


11. checking partial_output_delay (0)
-------------------------------------
 There are 0 ports with partial output delay specified.


12. checking latch_loops (0)
----------------------------
 There are 0 combinational latch loops in the design through latch input



------------------------------------------------------------------------------------------------
| Design Timing Summary
| ---------------------
------------------------------------------------------------------------------------------------

    WNS(ns)      TNS(ns)  TNS Failing Endpoints  TNS Total Endpoints      WHS(ns)      THS(ns)  THS Failing Endpoints  THS Total Endpoints     WPWS(ns)     TPWS(ns)  TPWS Failing Endpoints  TPWS Total Endpoints  
    -------      -------  ---------------------  -------------------      -------      -------  ---------------------  -------------------     --------     --------  ----------------------  --------------------  
      0.837        0.000                      0                12950        0.017        0.000                      0                12950        3.750        0.000                       0                  5152  


All user specified timing constraints are met.


------------------------------------------------------------------------------------------------
| Clock Summary
| -------------
------------------------------------------------------------------------------------------------

Clock       Waveform(ns)       Period(ns)      Frequency(MHz)
-----       ------------       ----------      --------------
clk_fpga_0  {0.000 5.000}      10.000          100.000         


------------------------------------------------------------------------------------------------
| Intra Clock Table
| -----------------
------------------------------------------------------------------------------------------------

Clock             WNS(ns)      TNS(ns)  TNS Failing Endpoints  TNS Total Endpoints      WHS(ns)      THS(ns)  THS Failing Endpoints  THS Total Endpoints     WPWS(ns)     TPWS(ns)  TPWS Failing Endpoints  TPWS Total Endpoints  
-----             -------      -------  ---------------------  -------------------      -------      -------  ---------------------  -------------------     --------     --------  ----------------------  --------------------  
clk_fpga_0          0.837        0.000                      0                12950        0.017        0.000                      0                12950        3.750        0.000                       0                  5152  


------------------------------------------------------------------------------------------------
| Inter Clock Table
| -----------------
------------------------------------------------------------------------------------------------

From Clock    To Clock          WNS(ns)      TNS(ns)  TNS Failing Endpoints  TNS Total Endpoints      WHS(ns)      THS(ns)  THS Failing Endpoints  THS Total Endpoints  
----------    --------          -------      -------  ---------------------  -------------------      -------      -------  ---------------------  -------------------  


------------------------------------------------------------------------------------------------
| Other Path Groups Table
| -----------------------
------------------------------------------------------------------------------------------------

Path Group    From Clock    To Clock          WNS(ns)      TNS(ns)  TNS Failing Endpoints  TNS Total Endpoints      WHS(ns)      THS(ns)  THS Failing Endpoints  THS Total Endpoints  
----------    ----------    --------          -------      -------  ---------------------  -------------------      -------      -------  ---------------------  -------------------  


------------------------------------------------------------------------------------------------
| User Ignored Path Table
| -----------------------
------------------------------------------------------------------------------------------------

Path Group    From Clock    To Clock    
----------    ----------    --------    
(none)                      clk_fpga_0    
(none)        clk_fpga_0    clk_fpga_0    


------------------------------------------------------------------------------------------------
| Unconstrained Path Table
| ------------------------
------------------------------------------------------------------------------------------------

Path Group    From Clock    To Clock    
----------    ----------    --------    
(none)        clk_fpga_0                  


------------------------------------------------------------------------------------------------
| Timing Details
| --------------
------------------------------------------------------------------------------------------------


---------------------------------------------------------------------------------------------------
From Clock:  clk_fpga_0
  To Clock:  clk_fpga_0

Setup :            0  Failing Endpoints,  Worst Slack        0.837ns,  Total Violation        0.000ns
Hold  :            0  Failing Endpoints,  Worst Slack        0.017ns,  Total Violation        0.000ns
PW    :            0  Failing Endpoints,  Worst Slack        3.750ns,  Total Violation        0.000ns
---------------------------------------------------------------------------------------------------


Max Delay Paths
--------------------------------------------------------------------------------------
Slack (MET) :             0.837ns  (required time - arrival time)
  Source:                 design_1_i/processing_system7_0/inst/PS7_i/MAXIGP0ACLK
                            (rising edge-triggered cell PS7 clocked by clk_fpga_0  {rise@0.000ns fall@5.000ns period=10.000ns})
  Destination:            design_1_i/Processor_Interconnects/axi_interconnect_1/xbar/inst/gen_samd.crossbar_samd/addr_arbiter_ar/gen_no_arbiter.m_valid_i_reg_inv/D
                            (rising edge-triggered cell FDSE clocked by clk_fpga_0  {rise@0.000ns fall@5.000ns period=10.000ns})
  Path Group:             clk_fpga_0
  Path Type:              Setup (Max at Slow Process Corner)
  Requirement:            10.000ns  (clk_fpga_0 rise@10.000ns - clk_fpga_0 rise@0.000ns)
  Data Path Delay:        8.608ns  (logic 2.832ns (32.899%)  route 5.776ns (67.101%))
  Logic Levels:           6  (CARRY4=1 LUT5=2 LUT6=3)
  Clock Path Skew:        -0.146ns (DCD - SCD + CPR)
    Destination Clock Delay (DCD):    2.656ns = ( 12.656 - 10.000 ) 
    Source Clock Delay      (SCD):    3.031ns
    Clock Pessimism Removal (CPR):    0.229ns
  Clock Uncertainty:      0.154ns  ((TSJ^2 + TIJ^2)^1/2 + DJ) / 2 + PE
    Total System Jitter     (TSJ):    0.071ns
    Total Input Jitter      (TIJ):    0.300ns
    Discrete Jitter          (DJ):    0.000ns
    Phase Error              (PE):    0.000ns

    Location             Delay type                Incr(ns)  Path(ns)    Netlist Resource(s)
  -------------------------------------------------------------------    -------------------
                         (clock clk_fpga_0 rise edge)
                                                      0.000     0.000 r  
    PS7_X0Y0             PS7                          0.000     0.000 r  design_1_i/processing_system7_0/inst/PS7_i/FCLKCLK[0]
                         net (fo=1, routed)           1.193     1.193    design_1_i/processing_system7_0/inst/FCLK_CLK_unbuffered[0]
    BUFGCTRL_X0Y16       BUFG (Prop_bufg_I_O)         0.101     1.294 r  design_1_i/processing_system7_0/inst/buffer_fclk_clk_0.FCLK_CLK_0_BUFG/O
                         net (fo=5152, routed)        1.737     3.031    design_1_i/processing_system7_0/inst/M_AXI_GP0_ACLK
    PS7_X0Y0             PS7                                          r  design_1_i/processing_system7_0/inst/PS7_i/MAXIGP0ACLK
  -------------------------------------------------------------------    -------------------
    PS7_X0Y0             PS7 (Prop_ps7_MAXIGP0ACLK_MAXIGP0ARID[5])
                                                      1.450     4.481 r  design_1_i/processing_system7_0/inst/PS7_i/MAXIGP0ARID[5]
                         net (fo=17, routed)          1.309     5.789    design_1_i/Processor_Interconnects/axi_interconnect_1/xbar/inst/gen_samd.crossbar_samd/gen_slave_slots[0].gen_si_read.si_transactor_ar/gen_multi_thread.gen_thread_loop[0].active_target_reg[0]_0[5]
    SLICE_X26Y87         LUT6 (Prop_lut6_I2_O)        0.124     5.913 r  design_1_i/Processor_Interconnects/axi_interconnect_1/xbar/inst/gen_samd.crossbar_samd/gen_slave_slots[0].gen_si_read.si_transactor_ar/gen_multi_thread.aid_match_00_carry_i_3/O
                         net (fo=1, routed)           0.000     5.913    design_1_i/Processor_Interconnects/axi_interconnect_1/xbar/inst/gen_samd.crossbar_samd/gen_slave_slots[0].gen_si_read.si_transactor_ar/gen_multi_thread.aid_match_00_carry_i_3_n_0
    SLICE_X26Y87         CARRY4 (Prop_carry4_S[1]_CO[3])
                                                      0.533     6.446 r  design_1_i/Processor_Interconnects/axi_interconnect_1/xbar/inst/gen_samd.crossbar_samd/gen_slave_slots[0].gen_si_read.si_transactor_ar/gen_multi_thread.aid_match_00_carry/CO[3]
                         net (fo=3, routed)           1.284     7.730    design_1_i/Processor_Interconnects/axi_interconnect_1/xbar/inst/gen_samd.crossbar_samd/gen_slave_slots[0].gen_si_read.si_transactor_ar/gen_multi_thread.aid_match_00
    SLICE_X28Y89         LUT5 (Prop_lut5_I0_O)        0.152     7.882 r  design_1_i/Processor_Interconnects/axi_interconnect_1/xbar/inst/gen_samd.crossbar_samd/gen_slave_slots[0].gen_si_read.si_transactor_ar/gen_multi_thread.gen_thread_loop[5].active_target[42]_i_6/O
                         net (fo=3, routed)           1.139     9.021    design_1_i/Processor_Interconnects/axi_interconnect_1/xbar/inst/gen_samd.crossbar_samd/gen_slave_slots[0].gen_si_read.si_transactor_ar/gen_multi_thread.gen_thread_loop[5].active_target[42]_i_6_n_0
    SLICE_X29Y92         LUT6 (Prop_lut6_I2_O)        0.332     9.353 r  design_1_i/Processor_Interconnects/axi_interconnect_1/xbar/inst/gen_samd.crossbar_samd/gen_slave_slots[0].gen_si_read.si_transactor_ar/gen_no_arbiter.s_ready_i[0]_i_5/O
                         net (fo=1, routed)           0.814    10.168    design_1_i/Processor_Interconnects/axi_interconnect_1/xbar/inst/gen_samd.crossbar_samd/gen_slave_slots[0].gen_si_read.si_transactor_ar/gen_multi_thread.arbiter_resp_inst/gen_no_arbiter.s_ready_i_reg[0]_1
    SLICE_X31Y93         LUT6 (Prop_lut6_I2_O)        0.124    10.292 f  design_1_i/Processor_Interconnects/axi_interconnect_1/xbar/inst/gen_samd.crossbar_samd/gen_slave_slots[0].gen_si_read.si_transactor_ar/gen_multi_thread.arbiter_resp_inst/gen_no_arbiter.s_ready_i[0]_i_2/O
                         net (fo=2, routed)           0.894    11.186    design_1_i/Processor_Interconnects/axi_interconnect_1/xbar/inst/gen_samd.crossbar_samd/addr_arbiter_ar/m_valid_i
    SLICE_X36Y90         LUT5 (Prop_lut5_I4_O)        0.117    11.303 r  design_1_i/Processor_Interconnects/axi_interconnect_1/xbar/inst/gen_samd.crossbar_samd/addr_arbiter_ar/gen_no_arbiter.m_valid_i_inv_i_1/O
                         net (fo=1, routed)           0.336    11.639    design_1_i/Processor_Interconnects/axi_interconnect_1/xbar/inst/gen_samd.crossbar_samd/addr_arbiter_ar/gen_no_arbiter.m_valid_i_inv_i_1_n_0
    SLICE_X36Y90         FDSE                                         r  design_1_i/Processor_Interconnects/axi_interconnect_1/xbar/inst/gen_samd.crossbar_samd/addr_arbiter_ar/gen_no_arbiter.m_valid_i_reg_inv/D
  -------------------------------------------------------------------    -------------------

                         (clock clk_fpga_0 rise edge)
                                                     10.000    10.000 r  
    PS7_X0Y0             PS7                          0.000    10.000 r  design_1_i/processing_system7_0/inst/PS7_i/FCLKCLK[0]
                         net (fo=1, routed)           1.088    11.088    design_1_i/processing_system7_0/inst/FCLK_CLK_unbuffered[0]
    BUFGCTRL_X0Y16       BUFG (Prop_bufg_I_O)         0.091    11.179 r  design_1_i/processing_system7_0/inst/buffer_fclk_clk_0.FCLK_CLK_0_BUFG/O
                         net (fo=5152, routed)        1.477    12.656    design_1_i/Processor_Interconnects/axi_interconnect_1/xbar/inst/gen_samd.crossbar_samd/addr_arbiter_ar/aclk
    SLICE_X36Y90         FDSE                                         r  design_1_i/Processor_Interconnects/axi_interconnect_1/xbar/inst/gen_samd.crossbar_samd/addr_arbiter_ar/gen_no_arbiter.m_valid_i_reg_inv/C
                         clock pessimism              0.229    12.885    
                         clock uncertainty           -0.154    12.731    
    SLICE_X36Y90         FDSE (Setup_fdse_C_D)       -0.255    12.476    design_1_i/Processor_Interconnects/axi_interconnect_1/xbar/inst/gen_samd.crossbar_samd/addr_arbiter_ar/gen_no_arbiter.m_valid_i_reg_inv
  -------------------------------------------------------------------
                         required time                         12.476    
                         arrival time                         -11.639    
  -------------------------------------------------------------------
                         slack                                  0.837    

Slack (MET) :             0.949ns  (required time - arrival time)
  Source:                 design_1_i/Processor_Interconnects/axi_interconnect_1/xbar/inst/gen_samd.crossbar_samd/gen_master_slots[3].reg_slice_mi/b.b_pipe/m_valid_i_reg_inv/C
                            (rising edge-triggered cell FDSE clocked by clk_fpga_0  {rise@0.000ns fall@5.000ns period=10.000ns})
  Destination:            design_1_i/Processor_Interconnects/axi_interconnect_1/xbar/inst/gen_samd.crossbar_samd/gen_slave_slots[0].gen_si_write.si_transactor_aw/gen_multi_thread.gen_thread_loop[7].active_cnt_reg[56]/CE
                            (rising edge-triggered cell FDRE clocked by clk_fpga_0  {rise@0.000ns fall@5.000ns period=10.000ns})
  Path Group:             clk_fpga_0
  Path Type:              Setup (Max at Slow Process Corner)
  Requirement:            10.000ns  (clk_fpga_0 rise@10.000ns - clk_fpga_0 rise@0.000ns)
  Data Path Delay:        8.753ns  (logic 2.463ns (28.138%)  route 6.290ns (71.861%))
  Logic Levels:           8  (CARRY4=1 LUT3=1 LUT4=1 LUT5=1 LUT6=3 MUXF7=1)
  Clock Path Skew:        0.061ns (DCD - SCD + CPR)
    Destination Clock Delay (DCD):    2.878ns = ( 12.878 - 10.000 ) 
    Source Clock Delay      (SCD):    2.946ns
    Clock Pessimism Removal (CPR):    0.129ns
  Clock Uncertainty:      0.154ns  ((TSJ^2 + TIJ^2)^1/2 + DJ) / 2 + PE
    Total System Jitter     (TSJ):    0.071ns
    Total Input Jitter      (TIJ):    0.300ns
    Discrete Jitter          (DJ):    0.000ns
    Phase Error              (PE):    0.000ns

    Location             Delay type                Incr(ns)  Path(ns)    Netlist Resource(s)
  -------------------------------------------------------------------    -------------------
                         (clock clk_fpga_0 rise edge)
                                                      0.000     0.000 r  
    PS7_X0Y0             PS7                          0.000     0.000 r  design_1_i/processing_system7_0/inst/PS7_i/FCLKCLK[0]
                         net (fo=1, routed)           1.193     1.193    design_1_i/processing_system7_0/inst/FCLK_CLK_unbuffered[0]
    BUFGCTRL_X0Y16       BUFG (Prop_bufg_I_O)         0.101     1.294 r  design_1_i/processing_system7_0/inst/buffer_fclk_clk_0.FCLK_CLK_0_BUFG/O
                         net (fo=5152, routed)        1.652     2.946    design_1_i/Processor_Interconnects/axi_interconnect_1/xbar/inst/gen_samd.crossbar_samd/gen_master_slots[3].reg_slice_mi/b.b_pipe/aclk
    SLICE_X36Y96         FDSE                                         r  design_1_i/Processor_Interconnects/axi_interconnect_1/xbar/inst/gen_samd.crossbar_samd/gen_master_slots[3].reg_slice_mi/b.b_pipe/m_valid_i_reg_inv/C
  -------------------------------------------------------------------    -------------------
    SLICE_X36Y96         FDSE (Prop_fdse_C_Q)         0.518     3.464 r  design_1_i/Processor_Interconnects/axi_interconnect_1/xbar/inst/gen_samd.crossbar_samd/gen_master_slots[3].reg_slice_mi/b.b_pipe/m_valid_i_reg_inv/Q
                         net (fo=29, routed)          1.330     4.794    design_1_i/Processor_Interconnects/axi_interconnect_1/xbar/inst/gen_samd.crossbar_samd/gen_slave_slots[0].gen_si_write.si_transactor_aw/gen_multi_thread.arbiter_resp_inst/chosen70_in
    SLICE_X34Y99         LUT6 (Prop_lut6_I1_O)        0.124     4.918 r  design_1_i/Processor_Interconnects/axi_interconnect_1/xbar/inst/gen_samd.crossbar_samd/gen_slave_slots[0].gen_si_write.si_transactor_aw/gen_multi_thread.arbiter_resp_inst/gen_fpga.genblk2.gen_mux_5_8[11].mux_s2_inst_i_6__0/O
                         net (fo=16, routed)          0.526     5.444    design_1_i/Processor_Interconnects/axi_interconnect_1/xbar/inst/gen_samd.crossbar_samd/gen_slave_slots[0].gen_si_write.si_transactor_aw/gen_multi_thread.arbiter_resp_inst/chosen_reg[3]_0
    SLICE_X35Y99         LUT5 (Prop_lut5_I4_O)        0.152     5.596 f  design_1_i/Processor_Interconnects/axi_interconnect_1/xbar/inst/gen_samd.crossbar_samd/gen_slave_slots[0].gen_si_write.si_transactor_aw/gen_multi_thread.arbiter_resp_inst/gen_fpga.genblk2.gen_mux_5_8[11].mux_s2_inst_i_4__0/O
                         net (fo=14, routed)          1.091     6.687    design_1_i/Processor_Interconnects/axi_interconnect_1/xbar/inst/gen_samd.crossbar_samd/gen_slave_slots[0].gen_si_write.si_transactor_aw/gen_multi_thread.arbiter_resp_inst/gen_fpga.genblk2.gen_mux_5_8[11].mux_s2_inst_i_4__0_n_0
    SLICE_X36Y102        LUT6 (Prop_lut6_I0_O)        0.332     7.019 r  design_1_i/Processor_Interconnects/axi_interconnect_1/xbar/inst/gen_samd.crossbar_samd/gen_slave_slots[0].gen_si_write.si_transactor_aw/gen_multi_thread.arbiter_resp_inst/gen_fpga.genblk2.gen_mux_5_8[4].mux_s2_inst_i_3__0/O
                         net (fo=1, routed)           0.650     7.670    design_1_i/Processor_Interconnects/axi_interconnect_1/xbar/inst/gen_samd.crossbar_samd/gen_slave_slots[0].gen_si_write.si_transactor_aw/gen_multi_thread.arbiter_resp_inst/gen_fpga.genblk2.gen_mux_5_8[4].mux_s2_inst_i_3__0_n_0
    SLICE_X34Y107        LUT3 (Prop_lut3_I2_O)        0.124     7.794 r  design_1_i/Processor_Interconnects/axi_interconnect_1/xbar/inst/gen_samd.crossbar_samd/gen_slave_slots[0].gen_si_write.si_transactor_aw/gen_multi_thread.arbiter_resp_inst/gen_fpga.genblk2.gen_mux_5_8[4].mux_s2_inst_i_1__0/O
                         net (fo=1, routed)           0.000     7.794    design_1_i/Processor_Interconnects/axi_interconnect_1/xbar/inst/gen_samd.crossbar_samd/gen_slave_slots[0].gen_si_write.si_transactor_aw/gen_multi_thread.mux_resp_multi_thread/f_mux40_return[4]
    SLICE_X34Y107        MUXF7 (Prop_muxf7_I0_O)      0.241     8.035 r  design_1_i/Processor_Interconnects/axi_interconnect_1/xbar/inst/gen_samd.crossbar_samd/gen_slave_slots[0].gen_si_write.si_transactor_aw/gen_multi_thread.mux_resp_multi_thread/gen_fpga.genblk2.gen_mux_5_8[4].mux_s2_inst/O
                         net (fo=9, routed)           1.184     9.219    design_1_i/Processor_Interconnects/axi_interconnect_1/xbar/inst/gen_samd.crossbar_samd/gen_slave_slots[0].gen_si_write.si_transactor_aw/gen_multi_thread.mux_resp_multi_thread/gen_fpga.genblk2.gen_mux_5_8[4].mux_s2_inst_0
    SLICE_X27Y104        LUT6 (Prop_lut6_I1_O)        0.298     9.517 r  design_1_i/Processor_Interconnects/axi_interconnect_1/xbar/inst/gen_samd.crossbar_samd/gen_slave_slots[0].gen_si_write.si_transactor_aw/gen_multi_thread.mux_resp_multi_thread/gen_multi_thread.rid_match_70_carry_i_3__0/O
                         net (fo=1, routed)           0.000     9.517    design_1_i/Processor_Interconnects/axi_interconnect_1/xbar/inst/gen_samd.crossbar_samd/gen_slave_slots[0].gen_si_write.si_transactor_aw/gen_multi_thread.mux_resp_multi_thread_n_23
    SLICE_X27Y104        CARRY4 (Prop_carry4_S[1]_CO[3])
                                                      0.550    10.067 r  design_1_i/Processor_Interconnects/axi_interconnect_1/xbar/inst/gen_samd.crossbar_samd/gen_slave_slots[0].gen_si_write.si_transactor_aw/gen_multi_thread.rid_match_70_carry/CO[3]
                         net (fo=1, routed)           0.881    10.947    design_1_i/Processor_Interconnects/axi_interconnect_1/xbar/inst/gen_samd.crossbar_samd/gen_slave_slots[0].gen_si_write.si_transactor_aw/gen_multi_thread.mux_resp_multi_thread/gen_multi_thread.gen_thread_loop[7].active_cnt_reg[58]_0[0]
    SLICE_X27Y103        LUT4 (Prop_lut4_I1_O)        0.124    11.071 r  design_1_i/Processor_Interconnects/axi_interconnect_1/xbar/inst/gen_samd.crossbar_samd/gen_slave_slots[0].gen_si_write.si_transactor_aw/gen_multi_thread.mux_resp_multi_thread/gen_multi_thread.gen_thread_loop[7].active_cnt[59]_i_1__0/O
                         net (fo=4, routed)           0.628    11.699    design_1_i/Processor_Interconnects/axi_interconnect_1/xbar/inst/gen_samd.crossbar_samd/gen_slave_slots[0].gen_si_write.si_transactor_aw/gen_multi_thread.mux_resp_multi_thread_n_20
    SLICE_X28Y103        FDRE                                         r  design_1_i/Processor_Interconnects/axi_interconnect_1/xbar/inst/gen_samd.crossbar_samd/gen_slave_slots[0].gen_si_write.si_transactor_aw/gen_multi_thread.gen_thread_loop[7].active_cnt_reg[56]/CE
  -------------------------------------------------------------------    -------------------

                         (clock clk_fpga_0 rise edge)
                                                     10.000    10.000 r  
    PS7_X0Y0             PS7                          0.000    10.000 r  design_1_i/processing_system7_0/inst/PS7_i/FCLKCLK[0]
                         net (fo=1, routed)           1.088    11.088    design_1_i/processing_system7_0/inst/FCLK_CLK_unbuffered[0]
    BUFGCTRL_X0Y16       BUFG (Prop_bufg_I_O)         0.091    11.179 r  design_1_i/processing_system7_0/inst/buffer_fclk_clk_0.FCLK_CLK_0_BUFG/O
                         net (fo=5152, routed)        1.699    12.878    design_1_i/Processor_Interconnects/axi_interconnect_1/xbar/inst/gen_samd.crossbar_samd/gen_slave_slots[0].gen_si_write.si_transactor_aw/aclk
    SLICE_X28Y103        FDRE                                         r  design_1_i/Processor_Interconnects/axi_interconnect_1/xbar/inst/gen_samd.crossbar_samd/gen_slave_slots[0].gen_si_write.si_transactor_aw/gen_multi_thread.gen_thread_loop[7].active_cnt_reg[56]/C
                         clock pessimism              0.129    13.007    
                         clock uncertainty           -0.154    12.853    
    SLICE_X28Y103        FDRE (Setup_fdre_C_CE)      -0.205    12.648    design_1_i/Processor_Interconnects/axi_interconnect_1/xbar/inst/gen_samd.crossbar_samd/gen_slave_slots[0].gen_si_write.si_transactor_aw/gen_multi_thread.gen_thread_loop[7].active_cnt_reg[56]
  -------------------------------------------------------------------
                         required time                         12.648    
                         arrival time                         -11.699    
  -------------------------------------------------------------------
                         slack                                  0.949    

Slack (MET) :             0.949ns  (required time - arrival time)
  Source:                 design_1_i/Processor_Interconnects/axi_interconnect_1/xbar/inst/gen_samd.crossbar_samd/gen_master_slots[3].reg_slice_mi/b.b_pipe/m_valid_i_reg_inv/C
                            (rising edge-triggered cell FDSE clocked by clk_fpga_0  {rise@0.000ns fall@5.000ns period=10.000ns})
  Destination:            design_1_i/Processor_Interconnects/axi_interconnect_1/xbar/inst/gen_samd.crossbar_samd/gen_slave_slots[0].gen_si_write.si_transactor_aw/gen_multi_thread.gen_thread_loop[7].active_cnt_reg[57]/CE
                            (rising edge-triggered cell FDRE clocked by clk_fpga_0  {rise@0.000ns fall@5.000ns period=10.000ns})
  Path Group:             clk_fpga_0
  Path Type:              Setup (Max at Slow Process Corner)
  Requirement:            10.000ns  (clk_fpga_0 rise@10.000ns - clk_fpga_0 rise@0.000ns)
  Data Path Delay:        8.753ns  (logic 2.463ns (28.138%)  route 6.290ns (71.861%))
  Logic Levels:           8  (CARRY4=1 LUT3=1 LUT4=1 LUT5=1 LUT6=3 MUXF7=1)
  Clock Path Skew:        0.061ns (DCD - SCD + CPR)
    Destination Clock Delay (DCD):    2.878ns = ( 12.878 - 10.000 ) 
    Source Clock Delay      (SCD):    2.946ns
    Clock Pessimism Removal (CPR):    0.129ns
  Clock Uncertainty:      0.154ns  ((TSJ^2 + TIJ^2)^1/2 + DJ) / 2 + PE
    Total System Jitter     (TSJ):    0.071ns
    Total Input Jitter      (TIJ):    0.300ns
    Discrete Jitter          (DJ):    0.000ns
    Phase Error              (PE):    0.000ns

    Location             Delay type                Incr(ns)  Path(ns)    Netlist Resource(s)
  -------------------------------------------------------------------    -------------------
                         (clock clk_fpga_0 rise edge)
                                                      0.000     0.000 r  
    PS7_X0Y0             PS7                          0.000     0.000 r  design_1_i/processing_system7_0/inst/PS7_i/FCLKCLK[0]
                         net (fo=1, routed)           1.193     1.193    design_1_i/processing_system7_0/inst/FCLK_CLK_unbuffered[0]
    BUFGCTRL_X0Y16       BUFG (Prop_bufg_I_O)         0.101     1.294 r  design_1_i/processing_system7_0/inst/buffer_fclk_clk_0.FCLK_CLK_0_BUFG/O
                         net (fo=5152, routed)        1.652     2.946    design_1_i/Processor_Interconnects/axi_interconnect_1/xbar/inst/gen_samd.crossbar_samd/gen_master_slots[3].reg_slice_mi/b.b_pipe/aclk
    SLICE_X36Y96         FDSE                                         r  design_1_i/Processor_Interconnects/axi_interconnect_1/xbar/inst/gen_samd.crossbar_samd/gen_master_slots[3].reg_slice_mi/b.b_pipe/m_valid_i_reg_inv/C
  -------------------------------------------------------------------    -------------------
    SLICE_X36Y96         FDSE (Prop_fdse_C_Q)         0.518     3.464 r  design_1_i/Processor_Interconnects/axi_interconnect_1/xbar/inst/gen_samd.crossbar_samd/gen_master_slots[3].reg_slice_mi/b.b_pipe/m_valid_i_reg_inv/Q
                         net (fo=29, routed)          1.330     4.794    design_1_i/Processor_Interconnects/axi_interconnect_1/xbar/inst/gen_samd.crossbar_samd/gen_slave_slots[0].gen_si_write.si_transactor_aw/gen_multi_thread.arbiter_resp_inst/chosen70_in
    SLICE_X34Y99         LUT6 (Prop_lut6_I1_O)        0.124     4.918 r  design_1_i/Processor_Interconnects/axi_interconnect_1/xbar/inst/gen_samd.crossbar_samd/gen_slave_slots[0].gen_si_write.si_transactor_aw/gen_multi_thread.arbiter_resp_inst/gen_fpga.genblk2.gen_mux_5_8[11].mux_s2_inst_i_6__0/O
                         net (fo=16, routed)          0.526     5.444    design_1_i/Processor_Interconnects/axi_interconnect_1/xbar/inst/gen_samd.crossbar_samd/gen_slave_slots[0].gen_si_write.si_transactor_aw/gen_multi_thread.arbiter_resp_inst/chosen_reg[3]_0
    SLICE_X35Y99         LUT5 (Prop_lut5_I4_O)        0.152     5.596 f  design_1_i/Processor_Interconnects/axi_interconnect_1/xbar/inst/gen_samd.crossbar_samd/gen_slave_slots[0].gen_si_write.si_transactor_aw/gen_multi_thread.arbiter_resp_inst/gen_fpga.genblk2.gen_mux_5_8[11].mux_s2_inst_i_4__0/O
                         net (fo=14, routed)          1.091     6.687    design_1_i/Processor_Interconnects/axi_interconnect_1/xbar/inst/gen_samd.crossbar_samd/gen_slave_slots[0].gen_si_write.si_transactor_aw/gen_multi_thread.arbiter_resp_inst/gen_fpga.genblk2.gen_mux_5_8[11].mux_s2_inst_i_4__0_n_0
    SLICE_X36Y102        LUT6 (Prop_lut6_I0_O)        0.332     7.019 r  design_1_i/Processor_Interconnects/axi_interconnect_1/xbar/inst/gen_samd.crossbar_samd/gen_slave_slots[0].gen_si_write.si_transactor_aw/gen_multi_thread.arbiter_resp_inst/gen_fpga.genblk2.gen_mux_5_8[4].mux_s2_inst_i_3__0/O
                         net (fo=1, routed)           0.650     7.670    design_1_i/Processor_Interconnects/axi_interconnect_1/xbar/inst/gen_samd.crossbar_samd/gen_slave_slots[0].gen_si_write.si_transactor_aw/gen_multi_thread.arbiter_resp_inst/gen_fpga.genblk2.gen_mux_5_8[4].mux_s2_inst_i_3__0_n_0
    SLICE_X34Y107        LUT3 (Prop_lut3_I2_O)        0.124     7.794 r  design_1_i/Processor_Interconnects/axi_interconnect_1/xbar/inst/gen_samd.crossbar_samd/gen_slave_slots[0].gen_si_write.si_transactor_aw/gen_multi_thread.arbiter_resp_inst/gen_fpga.genblk2.gen_mux_5_8[4].mux_s2_inst_i_1__0/O
                         net (fo=1, routed)           0.000     7.794    design_1_i/Processor_Interconnects/axi_interconnect_1/xbar/inst/gen_samd.crossbar_samd/gen_slave_slots[0].gen_si_write.si_transactor_aw/gen_multi_thread.mux_resp_multi_thread/f_mux40_return[4]
    SLICE_X34Y107        MUXF7 (Prop_muxf7_I0_O)      0.241     8.035 r  design_1_i/Processor_Interconnects/axi_interconnect_1/xbar/inst/gen_samd.crossbar_samd/gen_slave_slots[0].gen_si_write.si_transactor_aw/gen_multi_thread.mux_resp_multi_thread/gen_fpga.genblk2.gen_mux_5_8[4].mux_s2_inst/O
                         net (fo=9, routed)           1.184     9.219    design_1_i/Processor_Interconnects/axi_interconnect_1/xbar/inst/gen_samd.crossbar_samd/gen_slave_slots[0].gen_si_write.si_transactor_aw/gen_multi_thread.mux_resp_multi_thread/gen_fpga.genblk2.gen_mux_5_8[4].mux_s2_inst_0
    SLICE_X27Y104        LUT6 (Prop_lut6_I1_O)        0.298     9.517 r  design_1_i/Processor_Interconnects/axi_interconnect_1/xbar/inst/gen_samd.crossbar_samd/gen_slave_slots[0].gen_si_write.si_transactor_aw/gen_multi_thread.mux_resp_multi_thread/gen_multi_thread.rid_match_70_carry_i_3__0/O
                         net (fo=1, routed)           0.000     9.517    design_1_i/Processor_Interconnects/axi_interconnect_1/xbar/inst/gen_samd.crossbar_samd/gen_slave_slots[0].gen_si_write.si_transactor_aw/gen_multi_thread.mux_resp_multi_thread_n_23
    SLICE_X27Y104        CARRY4 (Prop_carry4_S[1]_CO[3])
                                                      0.550    10.067 r  design_1_i/Processor_Interconnects/axi_interconnect_1/xbar/inst/gen_samd.crossbar_samd/gen_slave_slots[0].gen_si_write.si_transactor_aw/gen_multi_thread.rid_match_70_carry/CO[3]
                         net (fo=1, routed)           0.881    10.947    design_1_i/Processor_Interconnects/axi_interconnect_1/xbar/inst/gen_samd.crossbar_samd/gen_slave_slots[0].gen_si_write.si_transactor_aw/gen_multi_thread.mux_resp_multi_thread/gen_multi_thread.gen_thread_loop[7].active_cnt_reg[58]_0[0]
    SLICE_X27Y103        LUT4 (Prop_lut4_I1_O)        0.124    11.071 r  design_1_i/Processor_Interconnects/axi_interconnect_1/xbar/inst/gen_samd.crossbar_samd/gen_slave_slots[0].gen_si_write.si_transactor_aw/gen_multi_thread.mux_resp_multi_thread/gen_multi_thread.gen_thread_loop[7].active_cnt[59]_i_1__0/O
                         net (fo=4, routed)           0.628    11.699    design_1_i/Processor_Interconnects/axi_interconnect_1/xbar/inst/gen_samd.crossbar_samd/gen_slave_slots[0].gen_si_write.si_transactor_aw/gen_multi_thread.mux_resp_multi_thread_n_20
    SLICE_X28Y103        FDRE                                         r  design_1_i/Processor_Interconnects/axi_interconnect_1/xbar/inst/gen_samd.crossbar_samd/gen_slave_slots[0].gen_si_write.si_transactor_aw/gen_multi_thread.gen_thread_loop[7].active_cnt_reg[57]/CE
  -------------------------------------------------------------------    -------------------

                         (clock clk_fpga_0 rise edge)
                                                     10.000    10.000 r  
    PS7_X0Y0             PS7                          0.000    10.000 r  design_1_i/processing_system7_0/inst/PS7_i/FCLKCLK[0]
                         net (fo=1, routed)           1.088    11.088    design_1_i/processing_system7_0/inst/FCLK_CLK_unbuffered[0]
    BUFGCTRL_X0Y16       BUFG (Prop_bufg_I_O)         0.091    11.179 r  design_1_i/processing_system7_0/inst/buffer_fclk_clk_0.FCLK_CLK_0_BUFG/O
                         net (fo=5152, routed)        1.699    12.878    design_1_i/Processor_Interconnects/axi_interconnect_1/xbar/inst/gen_samd.crossbar_samd/gen_slave_slots[0].gen_si_write.si_transactor_aw/aclk
    SLICE_X28Y103        FDRE                                         r  design_1_i/Processor_Interconnects/axi_interconnect_1/xbar/inst/gen_samd.crossbar_samd/gen_slave_slots[0].gen_si_write.si_transactor_aw/gen_multi_thread.gen_thread_loop[7].active_cnt_reg[57]/C
                         clock pessimism              0.129    13.007    
                         clock uncertainty           -0.154    12.853    
    SLICE_X28Y103        FDRE (Setup_fdre_C_CE)      -0.205    12.648    design_1_i/Processor_Interconnects/axi_interconnect_1/xbar/inst/gen_samd.crossbar_samd/gen_slave_slots[0].gen_si_write.si_transactor_aw/gen_multi_thread.gen_thread_loop[7].active_cnt_reg[57]
  -------------------------------------------------------------------
                         required time                         12.648    
                         arrival time                         -11.699    
  -------------------------------------------------------------------
                         slack                                  0.949    

Slack (MET) :             0.949ns  (required time - arrival time)
  Source:                 design_1_i/Processor_Interconnects/axi_interconnect_1/xbar/inst/gen_samd.crossbar_samd/gen_master_slots[3].reg_slice_mi/b.b_pipe/m_valid_i_reg_inv/C
                            (rising edge-triggered cell FDSE clocked by clk_fpga_0  {rise@0.000ns fall@5.000ns period=10.000ns})
  Destination:            design_1_i/Processor_Interconnects/axi_interconnect_1/xbar/inst/gen_samd.crossbar_samd/gen_slave_slots[0].gen_si_write.si_transactor_aw/gen_multi_thread.gen_thread_loop[7].active_cnt_reg[58]/CE
                            (rising edge-triggered cell FDRE clocked by clk_fpga_0  {rise@0.000ns fall@5.000ns period=10.000ns})
  Path Group:             clk_fpga_0
  Path Type:              Setup (Max at Slow Process Corner)
  Requirement:            10.000ns  (clk_fpga_0 rise@10.000ns - clk_fpga_0 rise@0.000ns)
  Data Path Delay:        8.753ns  (logic 2.463ns (28.138%)  route 6.290ns (71.861%))
  Logic Levels:           8  (CARRY4=1 LUT3=1 LUT4=1 LUT5=1 LUT6=3 MUXF7=1)
  Clock Path Skew:        0.061ns (DCD - SCD + CPR)
    Destination Clock Delay (DCD):    2.878ns = ( 12.878 - 10.000 ) 
    Source Clock Delay      (SCD):    2.946ns
    Clock Pessimism Removal (CPR):    0.129ns
  Clock Uncertainty:      0.154ns  ((TSJ^2 + TIJ^2)^1/2 + DJ) / 2 + PE
    Total System Jitter     (TSJ):    0.071ns
    Total Input Jitter      (TIJ):    0.300ns
    Discrete Jitter          (DJ):    0.000ns
    Phase Error              (PE):    0.000ns

    Location             Delay type                Incr(ns)  Path(ns)    Netlist Resource(s)
  -------------------------------------------------------------------    -------------------
                         (clock clk_fpga_0 rise edge)
                                                      0.000     0.000 r  
    PS7_X0Y0             PS7                          0.000     0.000 r  design_1_i/processing_system7_0/inst/PS7_i/FCLKCLK[0]
                         net (fo=1, routed)           1.193     1.193    design_1_i/processing_system7_0/inst/FCLK_CLK_unbuffered[0]
    BUFGCTRL_X0Y16       BUFG (Prop_bufg_I_O)         0.101     1.294 r  design_1_i/processing_system7_0/inst/buffer_fclk_clk_0.FCLK_CLK_0_BUFG/O
                         net (fo=5152, routed)        1.652     2.946    design_1_i/Processor_Interconnects/axi_interconnect_1/xbar/inst/gen_samd.crossbar_samd/gen_master_slots[3].reg_slice_mi/b.b_pipe/aclk
    SLICE_X36Y96         FDSE                                         r  design_1_i/Processor_Interconnects/axi_interconnect_1/xbar/inst/gen_samd.crossbar_samd/gen_master_slots[3].reg_slice_mi/b.b_pipe/m_valid_i_reg_inv/C
  -------------------------------------------------------------------    -------------------
    SLICE_X36Y96         FDSE (Prop_fdse_C_Q)         0.518     3.464 r  design_1_i/Processor_Interconnects/axi_interconnect_1/xbar/inst/gen_samd.crossbar_samd/gen_master_slots[3].reg_slice_mi/b.b_pipe/m_valid_i_reg_inv/Q
                         net (fo=29, routed)          1.330     4.794    design_1_i/Processor_Interconnects/axi_interconnect_1/xbar/inst/gen_samd.crossbar_samd/gen_slave_slots[0].gen_si_write.si_transactor_aw/gen_multi_thread.arbiter_resp_inst/chosen70_in
    SLICE_X34Y99         LUT6 (Prop_lut6_I1_O)        0.124     4.918 r  design_1_i/Processor_Interconnects/axi_interconnect_1/xbar/inst/gen_samd.crossbar_samd/gen_slave_slots[0].gen_si_write.si_transactor_aw/gen_multi_thread.arbiter_resp_inst/gen_fpga.genblk2.gen_mux_5_8[11].mux_s2_inst_i_6__0/O
                         net (fo=16, routed)          0.526     5.444    design_1_i/Processor_Interconnects/axi_interconnect_1/xbar/inst/gen_samd.crossbar_samd/gen_slave_slots[0].gen_si_write.si_transactor_aw/gen_multi_thread.arbiter_resp_inst/chosen_reg[3]_0
    SLICE_X35Y99         LUT5 (Prop_lut5_I4_O)        0.152     5.596 f  design_1_i/Processor_Interconnects/axi_interconnect_1/xbar/inst/gen_samd.crossbar_samd/gen_slave_slots[0].gen_si_write.si_transactor_aw/gen_multi_thread.arbiter_resp_inst/gen_fpga.genblk2.gen_mux_5_8[11].mux_s2_inst_i_4__0/O
                         net (fo=14, routed)          1.091     6.687    design_1_i/Processor_Interconnects/axi_interconnect_1/xbar/inst/gen_samd.crossbar_samd/gen_slave_slots[0].gen_si_write.si_transactor_aw/gen_multi_thread.arbiter_resp_inst/gen_fpga.genblk2.gen_mux_5_8[11].mux_s2_inst_i_4__0_n_0
    SLICE_X36Y102        LUT6 (Prop_lut6_I0_O)        0.332     7.019 r  design_1_i/Processor_Interconnects/axi_interconnect_1/xbar/inst/gen_samd.crossbar_samd/gen_slave_slots[0].gen_si_write.si_transactor_aw/gen_multi_thread.arbiter_resp_inst/gen_fpga.genblk2.gen_mux_5_8[4].mux_s2_inst_i_3__0/O
                         net (fo=1, routed)           0.650     7.670    design_1_i/Processor_Interconnects/axi_interconnect_1/xbar/inst/gen_samd.crossbar_samd/gen_slave_slots[0].gen_si_write.si_transactor_aw/gen_multi_thread.arbiter_resp_inst/gen_fpga.genblk2.gen_mux_5_8[4].mux_s2_inst_i_3__0_n_0
    SLICE_X34Y107        LUT3 (Prop_lut3_I2_O)        0.124     7.794 r  design_1_i/Processor_Interconnects/axi_interconnect_1/xbar/inst/gen_samd.crossbar_samd/gen_slave_slots[0].gen_si_write.si_transactor_aw/gen_multi_thread.arbiter_resp_inst/gen_fpga.genblk2.gen_mux_5_8[4].mux_s2_inst_i_1__0/O
                         net (fo=1, routed)           0.000     7.794    design_1_i/Processor_Interconnects/axi_interconnect_1/xbar/inst/gen_samd.crossbar_samd/gen_slave_slots[0].gen_si_write.si_transactor_aw/gen_multi_thread.mux_resp_multi_thread/f_mux40_return[4]
    SLICE_X34Y107        MUXF7 (Prop_muxf7_I0_O)      0.241     8.035 r  design_1_i/Processor_Interconnects/axi_interconnect_1/xbar/inst/gen_samd.crossbar_samd/gen_slave_slots[0].gen_si_write.si_transactor_aw/gen_multi_thread.mux_resp_multi_thread/gen_fpga.genblk2.gen_mux_5_8[4].mux_s2_inst/O
                         net (fo=9, routed)           1.184     9.219    design_1_i/Processor_Interconnects/axi_interconnect_1/xbar/inst/gen_samd.crossbar_samd/gen_slave_slots[0].gen_si_write.si_transactor_aw/gen_multi_thread.mux_resp_multi_thread/gen_fpga.genblk2.gen_mux_5_8[4].mux_s2_inst_0
    SLICE_X27Y104        LUT6 (Prop_lut6_I1_O)        0.298     9.517 r  design_1_i/Processor_Interconnects/axi_interconnect_1/xbar/inst/gen_samd.crossbar_samd/gen_slave_slots[0].gen_si_write.si_transactor_aw/gen_multi_thread.mux_resp_multi_thread/gen_multi_thread.rid_match_70_carry_i_3__0/O
                         net (fo=1, routed)           0.000     9.517    design_1_i/Processor_Interconnects/axi_interconnect_1/xbar/inst/gen_samd.crossbar_samd/gen_slave_slots[0].gen_si_write.si_transactor_aw/gen_multi_thread.mux_resp_multi_thread_n_23
    SLICE_X27Y104        CARRY4 (Prop_carry4_S[1]_CO[3])
                                                      0.550    10.067 r  design_1_i/Processor_Interconnects/axi_interconnect_1/xbar/inst/gen_samd.crossbar_samd/gen_slave_slots[0].gen_si_write.si_transactor_aw/gen_multi_thread.rid_match_70_carry/CO[3]
                         net (fo=1, routed)           0.881    10.947    design_1_i/Processor_Interconnects/axi_interconnect_1/xbar/inst/gen_samd.crossbar_samd/gen_slave_slots[0].gen_si_write.si_transactor_aw/gen_multi_thread.mux_resp_multi_thread/gen_multi_thread.gen_thread_loop[7].active_cnt_reg[58]_0[0]
    SLICE_X27Y103        LUT4 (Prop_lut4_I1_O)        0.124    11.071 r  design_1_i/Processor_Interconnects/axi_interconnect_1/xbar/inst/gen_samd.crossbar_samd/gen_slave_slots[0].gen_si_write.si_transactor_aw/gen_multi_thread.mux_resp_multi_thread/gen_multi_thread.gen_thread_loop[7].active_cnt[59]_i_1__0/O
                         net (fo=4, routed)           0.628    11.699    design_1_i/Processor_Interconnects/axi_interconnect_1/xbar/inst/gen_samd.crossbar_samd/gen_slave_slots[0].gen_si_write.si_transactor_aw/gen_multi_thread.mux_resp_multi_thread_n_20
    SLICE_X28Y103        FDRE                                         r  design_1_i/Processor_Interconnects/axi_interconnect_1/xbar/inst/gen_samd.crossbar_samd/gen_slave_slots[0].gen_si_write.si_transactor_aw/gen_multi_thread.gen_thread_loop[7].active_cnt_reg[58]/CE
  -------------------------------------------------------------------    -------------------

                         (clock clk_fpga_0 rise edge)
                                                     10.000    10.000 r  
    PS7_X0Y0             PS7                          0.000    10.000 r  design_1_i/processing_system7_0/inst/PS7_i/FCLKCLK[0]
                         net (fo=1, routed)           1.088    11.088    design_1_i/processing_system7_0/inst/FCLK_CLK_unbuffered[0]
    BUFGCTRL_X0Y16       BUFG (Prop_bufg_I_O)         0.091    11.179 r  design_1_i/processing_system7_0/inst/buffer_fclk_clk_0.FCLK_CLK_0_BUFG/O
                         net (fo=5152, routed)        1.699    12.878    design_1_i/Processor_Interconnects/axi_interconnect_1/xbar/inst/gen_samd.crossbar_samd/gen_slave_slots[0].gen_si_write.si_transactor_aw/aclk
    SLICE_X28Y103        FDRE                                         r  design_1_i/Processor_Interconnects/axi_interconnect_1/xbar/inst/gen_samd.crossbar_samd/gen_slave_slots[0].gen_si_write.si_transactor_aw/gen_multi_thread.gen_thread_loop[7].active_cnt_reg[58]/C
                         clock pessimism              0.129    13.007    
                         clock uncertainty           -0.154    12.853    
    SLICE_X28Y103        FDRE (Setup_fdre_C_CE)      -0.205    12.648    design_1_i/Processor_Interconnects/axi_interconnect_1/xbar/inst/gen_samd.crossbar_samd/gen_slave_slots[0].gen_si_write.si_transactor_aw/gen_multi_thread.gen_thread_loop[7].active_cnt_reg[58]
  -------------------------------------------------------------------
                         required time                         12.648    
                         arrival time                         -11.699    
  -------------------------------------------------------------------
                         slack                                  0.949    

Slack (MET) :             0.949ns  (required time - arrival time)
  Source:                 design_1_i/Processor_Interconnects/axi_interconnect_1/xbar/inst/gen_samd.crossbar_samd/gen_master_slots[3].reg_slice_mi/b.b_pipe/m_valid_i_reg_inv/C
                            (rising edge-triggered cell FDSE clocked by clk_fpga_0  {rise@0.000ns fall@5.000ns period=10.000ns})
  Destination:            design_1_i/Processor_Interconnects/axi_interconnect_1/xbar/inst/gen_samd.crossbar_samd/gen_slave_slots[0].gen_si_write.si_transactor_aw/gen_multi_thread.gen_thread_loop[7].active_cnt_reg[59]/CE
                            (rising edge-triggered cell FDRE clocked by clk_fpga_0  {rise@0.000ns fall@5.000ns period=10.000ns})
  Path Group:             clk_fpga_0
  Path Type:              Setup (Max at Slow Process Corner)
  Requirement:            10.000ns  (clk_fpga_0 rise@10.000ns - clk_fpga_0 rise@0.000ns)
  Data Path Delay:        8.753ns  (logic 2.463ns (28.138%)  route 6.290ns (71.861%))
  Logic Levels:           8  (CARRY4=1 LUT3=1 LUT4=1 LUT5=1 LUT6=3 MUXF7=1)
  Clock Path Skew:        0.061ns (DCD - SCD + CPR)
    Destination Clock Delay (DCD):    2.878ns = ( 12.878 - 10.000 ) 
    Source Clock Delay      (SCD):    2.946ns
    Clock Pessimism Removal (CPR):    0.129ns
  Clock Uncertainty:      0.154ns  ((TSJ^2 + TIJ^2)^1/2 + DJ) / 2 + PE
    Total System Jitter     (TSJ):    0.071ns
    Total Input Jitter      (TIJ):    0.300ns
    Discrete Jitter          (DJ):    0.000ns
    Phase Error              (PE):    0.000ns

    Location             Delay type                Incr(ns)  Path(ns)    Netlist Resource(s)
  -------------------------------------------------------------------    -------------------
                         (clock clk_fpga_0 rise edge)
                                                      0.000     0.000 r  
    PS7_X0Y0             PS7                          0.000     0.000 r  design_1_i/processing_system7_0/inst/PS7_i/FCLKCLK[0]
                         net (fo=1, routed)           1.193     1.193    design_1_i/processing_system7_0/inst/FCLK_CLK_unbuffered[0]
    BUFGCTRL_X0Y16       BUFG (Prop_bufg_I_O)         0.101     1.294 r  design_1_i/processing_system7_0/inst/buffer_fclk_clk_0.FCLK_CLK_0_BUFG/O
                         net (fo=5152, routed)        1.652     2.946    design_1_i/Processor_Interconnects/axi_interconnect_1/xbar/inst/gen_samd.crossbar_samd/gen_master_slots[3].reg_slice_mi/b.b_pipe/aclk
    SLICE_X36Y96         FDSE                                         r  design_1_i/Processor_Interconnects/axi_interconnect_1/xbar/inst/gen_samd.crossbar_samd/gen_master_slots[3].reg_slice_mi/b.b_pipe/m_valid_i_reg_inv/C
  -------------------------------------------------------------------    -------------------
    SLICE_X36Y96         FDSE (Prop_fdse_C_Q)         0.518     3.464 r  design_1_i/Processor_Interconnects/axi_interconnect_1/xbar/inst/gen_samd.crossbar_samd/gen_master_slots[3].reg_slice_mi/b.b_pipe/m_valid_i_reg_inv/Q
                         net (fo=29, routed)          1.330     4.794    design_1_i/Processor_Interconnects/axi_interconnect_1/xbar/inst/gen_samd.crossbar_samd/gen_slave_slots[0].gen_si_write.si_transactor_aw/gen_multi_thread.arbiter_resp_inst/chosen70_in
    SLICE_X34Y99         LUT6 (Prop_lut6_I1_O)        0.124     4.918 r  design_1_i/Processor_Interconnects/axi_interconnect_1/xbar/inst/gen_samd.crossbar_samd/gen_slave_slots[0].gen_si_write.si_transactor_aw/gen_multi_thread.arbiter_resp_inst/gen_fpga.genblk2.gen_mux_5_8[11].mux_s2_inst_i_6__0/O
                         net (fo=16, routed)          0.526     5.444    design_1_i/Processor_Interconnects/axi_interconnect_1/xbar/inst/gen_samd.crossbar_samd/gen_slave_slots[0].gen_si_write.si_transactor_aw/gen_multi_thread.arbiter_resp_inst/chosen_reg[3]_0
    SLICE_X35Y99         LUT5 (Prop_lut5_I4_O)        0.152     5.596 f  design_1_i/Processor_Interconnects/axi_interconnect_1/xbar/inst/gen_samd.crossbar_samd/gen_slave_slots[0].gen_si_write.si_transactor_aw/gen_multi_thread.arbiter_resp_inst/gen_fpga.genblk2.gen_mux_5_8[11].mux_s2_inst_i_4__0/O
                         net (fo=14, routed)          1.091     6.687    design_1_i/Processor_Interconnects/axi_interconnect_1/xbar/inst/gen_samd.crossbar_samd/gen_slave_slots[0].gen_si_write.si_transactor_aw/gen_multi_thread.arbiter_resp_inst/gen_fpga.genblk2.gen_mux_5_8[11].mux_s2_inst_i_4__0_n_0
    SLICE_X36Y102        LUT6 (Prop_lut6_I0_O)        0.332     7.019 r  design_1_i/Processor_Interconnects/axi_interconnect_1/xbar/inst/gen_samd.crossbar_samd/gen_slave_slots[0].gen_si_write.si_transactor_aw/gen_multi_thread.arbiter_resp_inst/gen_fpga.genblk2.gen_mux_5_8[4].mux_s2_inst_i_3__0/O
                         net (fo=1, routed)           0.650     7.670    design_1_i/Processor_Interconnects/axi_interconnect_1/xbar/inst/gen_samd.crossbar_samd/gen_slave_slots[0].gen_si_write.si_transactor_aw/gen_multi_thread.arbiter_resp_inst/gen_fpga.genblk2.gen_mux_5_8[4].mux_s2_inst_i_3__0_n_0
    SLICE_X34Y107        LUT3 (Prop_lut3_I2_O)        0.124     7.794 r  design_1_i/Processor_Interconnects/axi_interconnect_1/xbar/inst/gen_samd.crossbar_samd/gen_slave_slots[0].gen_si_write.si_transactor_aw/gen_multi_thread.arbiter_resp_inst/gen_fpga.genblk2.gen_mux_5_8[4].mux_s2_inst_i_1__0/O
                         net (fo=1, routed)           0.000     7.794    design_1_i/Processor_Interconnects/axi_interconnect_1/xbar/inst/gen_samd.crossbar_samd/gen_slave_slots[0].gen_si_write.si_transactor_aw/gen_multi_thread.mux_resp_multi_thread/f_mux40_return[4]
    SLICE_X34Y107        MUXF7 (Prop_muxf7_I0_O)      0.241     8.035 r  design_1_i/Processor_Interconnects/axi_interconnect_1/xbar/inst/gen_samd.crossbar_samd/gen_slave_slots[0].gen_si_write.si_transactor_aw/gen_multi_thread.mux_resp_multi_thread/gen_fpga.genblk2.gen_mux_5_8[4].mux_s2_inst/O
                         net (fo=9, routed)           1.184     9.219    design_1_i/Processor_Interconnects/axi_interconnect_1/xbar/inst/gen_samd.crossbar_samd/gen_slave_slots[0].gen_si_write.si_transactor_aw/gen_multi_thread.mux_resp_multi_thread/gen_fpga.genblk2.gen_mux_5_8[4].mux_s2_inst_0
    SLICE_X27Y104        LUT6 (Prop_lut6_I1_O)        0.298     9.517 r  design_1_i/Processor_Interconnects/axi_interconnect_1/xbar/inst/gen_samd.crossbar_samd/gen_slave_slots[0].gen_si_write.si_transactor_aw/gen_multi_thread.mux_resp_multi_thread/gen_multi_thread.rid_match_70_carry_i_3__0/O
                         net (fo=1, routed)           0.000     9.517    design_1_i/Processor_Interconnects/axi_interconnect_1/xbar/inst/gen_samd.crossbar_samd/gen_slave_slots[0].gen_si_write.si_transactor_aw/gen_multi_thread.mux_resp_multi_thread_n_23
    SLICE_X27Y104        CARRY4 (Prop_carry4_S[1]_CO[3])
                                                      0.550    10.067 r  design_1_i/Processor_Interconnects/axi_interconnect_1/xbar/inst/gen_samd.crossbar_samd/gen_slave_slots[0].gen_si_write.si_transactor_aw/gen_multi_thread.rid_match_70_carry/CO[3]
                         net (fo=1, routed)           0.881    10.947    design_1_i/Processor_Interconnects/axi_interconnect_1/xbar/inst/gen_samd.crossbar_samd/gen_slave_slots[0].gen_si_write.si_transactor_aw/gen_multi_thread.mux_resp_multi_thread/gen_multi_thread.gen_thread_loop[7].active_cnt_reg[58]_0[0]
    SLICE_X27Y103        LUT4 (Prop_lut4_I1_O)        0.124    11.071 r  design_1_i/Processor_Interconnects/axi_interconnect_1/xbar/inst/gen_samd.crossbar_samd/gen_slave_slots[0].gen_si_write.si_transactor_aw/gen_multi_thread.mux_resp_multi_thread/gen_multi_thread.gen_thread_loop[7].active_cnt[59]_i_1__0/O
                         net (fo=4, routed)           0.628    11.699    design_1_i/Processor_Interconnects/axi_interconnect_1/xbar/inst/gen_samd.crossbar_samd/gen_slave_slots[0].gen_si_write.si_transactor_aw/gen_multi_thread.mux_resp_multi_thread_n_20
    SLICE_X28Y103        FDRE                                         r  design_1_i/Processor_Interconnects/axi_interconnect_1/xbar/inst/gen_samd.crossbar_samd/gen_slave_slots[0].gen_si_write.si_transactor_aw/gen_multi_thread.gen_thread_loop[7].active_cnt_reg[59]/CE
  -------------------------------------------------------------------    -------------------

                         (clock clk_fpga_0 rise edge)
                                                     10.000    10.000 r  
    PS7_X0Y0             PS7                          0.000    10.000 r  design_1_i/processing_system7_0/inst/PS7_i/FCLKCLK[0]
                         net (fo=1, routed)           1.088    11.088    design_1_i/processing_system7_0/inst/FCLK_CLK_unbuffered[0]
    BUFGCTRL_X0Y16       BUFG (Prop_bufg_I_O)         0.091    11.179 r  design_1_i/processing_system7_0/inst/buffer_fclk_clk_0.FCLK_CLK_0_BUFG/O
                         net (fo=5152, routed)        1.699    12.878    design_1_i/Processor_Interconnects/axi_interconnect_1/xbar/inst/gen_samd.crossbar_samd/gen_slave_slots[0].gen_si_write.si_transactor_aw/aclk
    SLICE_X28Y103        FDRE                                         r  design_1_i/Processor_Interconnects/axi_interconnect_1/xbar/inst/gen_samd.crossbar_samd/gen_slave_slots[0].gen_si_write.si_transactor_aw/gen_multi_thread.gen_thread_loop[7].active_cnt_reg[59]/C
                         clock pessimism              0.129    13.007    
                         clock uncertainty           -0.154    12.853    
    SLICE_X28Y103        FDRE (Setup_fdre_C_CE)      -0.205    12.648    design_1_i/Processor_Interconnects/axi_interconnect_1/xbar/inst/gen_samd.crossbar_samd/gen_slave_slots[0].gen_si_write.si_transactor_aw/gen_multi_thread.gen_thread_loop[7].active_cnt_reg[59]
  -------------------------------------------------------------------
                         required time                         12.648    
                         arrival time                         -11.699    
  -------------------------------------------------------------------
                         slack                                  0.949    

Slack (MET) :             0.968ns  (required time - arrival time)
  Source:                 design_1_i/processing_system7_0/inst/PS7_i/MAXIGP0ACLK
                            (rising edge-triggered cell PS7 clocked by clk_fpga_0  {rise@0.000ns fall@5.000ns period=10.000ns})
  Destination:            design_1_i/Processor_Interconnects/axi_interconnect_1/xbar/inst/gen_samd.crossbar_samd/addr_arbiter_ar/gen_no_arbiter.m_target_hot_i_reg[2]/CE
                            (rising edge-triggered cell FDRE clocked by clk_fpga_0  {rise@0.000ns fall@5.000ns period=10.000ns})
  Path Group:             clk_fpga_0
  Path Type:              Setup (Max at Slow Process Corner)
  Requirement:            10.000ns  (clk_fpga_0 rise@10.000ns - clk_fpga_0 rise@0.000ns)
  Data Path Delay:        8.529ns  (logic 2.839ns (33.287%)  route 5.690ns (66.713%))
  Logic Levels:           6  (CARRY4=1 LUT2=1 LUT5=1 LUT6=3)
  Clock Path Skew:        -0.144ns (DCD - SCD + CPR)
    Destination Clock Delay (DCD):    2.658ns = ( 12.658 - 10.000 ) 
    Source Clock Delay      (SCD):    3.031ns
    Clock Pessimism Removal (CPR):    0.229ns
  Clock Uncertainty:      0.154ns  ((TSJ^2 + TIJ^2)^1/2 + DJ) / 2 + PE
    Total System Jitter     (TSJ):    0.071ns
    Total Input Jitter      (TIJ):    0.300ns
    Discrete Jitter          (DJ):    0.000ns
    Phase Error              (PE):    0.000ns

    Location             Delay type                Incr(ns)  Path(ns)    Netlist Resource(s)
  -------------------------------------------------------------------    -------------------
                         (clock clk_fpga_0 rise edge)
                                                      0.000     0.000 r  
    PS7_X0Y0             PS7                          0.000     0.000 r  design_1_i/processing_system7_0/inst/PS7_i/FCLKCLK[0]
                         net (fo=1, routed)           1.193     1.193    design_1_i/processing_system7_0/inst/FCLK_CLK_unbuffered[0]
    BUFGCTRL_X0Y16       BUFG (Prop_bufg_I_O)         0.101     1.294 r  design_1_i/processing_system7_0/inst/buffer_fclk_clk_0.FCLK_CLK_0_BUFG/O
                         net (fo=5152, routed)        1.737     3.031    design_1_i/processing_system7_0/inst/M_AXI_GP0_ACLK
    PS7_X0Y0             PS7                                          r  design_1_i/processing_system7_0/inst/PS7_i/MAXIGP0ACLK
  -------------------------------------------------------------------    -------------------
    PS7_X0Y0             PS7 (Prop_ps7_MAXIGP0ACLK_MAXIGP0ARID[5])
                                                      1.450     4.481 r  design_1_i/processing_system7_0/inst/PS7_i/MAXIGP0ARID[5]
                         net (fo=17, routed)          1.309     5.789    design_1_i/Processor_Interconnects/axi_interconnect_1/xbar/inst/gen_samd.crossbar_samd/gen_slave_slots[0].gen_si_read.si_transactor_ar/gen_multi_thread.gen_thread_loop[0].active_target_reg[0]_0[5]
    SLICE_X26Y87         LUT6 (Prop_lut6_I2_O)        0.124     5.913 r  design_1_i/Processor_Interconnects/axi_interconnect_1/xbar/inst/gen_samd.crossbar_samd/gen_slave_slots[0].gen_si_read.si_transactor_ar/gen_multi_thread.aid_match_00_carry_i_3/O
                         net (fo=1, routed)           0.000     5.913    design_1_i/Processor_Interconnects/axi_interconnect_1/xbar/inst/gen_samd.crossbar_samd/gen_slave_slots[0].gen_si_read.si_transactor_ar/gen_multi_thread.aid_match_00_carry_i_3_n_0
    SLICE_X26Y87         CARRY4 (Prop_carry4_S[1]_CO[3])
                                                      0.533     6.446 f  design_1_i/Processor_Interconnects/axi_interconnect_1/xbar/inst/gen_samd.crossbar_samd/gen_slave_slots[0].gen_si_read.si_transactor_ar/gen_multi_thread.aid_match_00_carry/CO[3]
                         net (fo=3, routed)           1.284     7.730    design_1_i/Processor_Interconnects/axi_interconnect_1/xbar/inst/gen_samd.crossbar_samd/gen_slave_slots[0].gen_si_read.si_transactor_ar/gen_multi_thread.aid_match_00
    SLICE_X28Y89         LUT5 (Prop_lut5_I0_O)        0.152     7.882 f  design_1_i/Processor_Interconnects/axi_interconnect_1/xbar/inst/gen_samd.crossbar_samd/gen_slave_slots[0].gen_si_read.si_transactor_ar/gen_multi_thread.gen_thread_loop[5].active_target[42]_i_6/O
                         net (fo=3, routed)           1.139     9.021    design_1_i/Processor_Interconnects/axi_interconnect_1/xbar/inst/gen_samd.crossbar_samd/gen_slave_slots[0].gen_si_read.si_transactor_ar/gen_multi_thread.gen_thread_loop[5].active_target[42]_i_6_n_0
    SLICE_X29Y92         LUT6 (Prop_lut6_I2_O)        0.332     9.353 f  design_1_i/Processor_Interconnects/axi_interconnect_1/xbar/inst/gen_samd.crossbar_samd/gen_slave_slots[0].gen_si_read.si_transactor_ar/gen_no_arbiter.s_ready_i[0]_i_5/O
                         net (fo=1, routed)           0.814    10.168    design_1_i/Processor_Interconnects/axi_interconnect_1/xbar/inst/gen_samd.crossbar_samd/gen_slave_slots[0].gen_si_read.si_transactor_ar/gen_multi_thread.arbiter_resp_inst/gen_no_arbiter.s_ready_i_reg[0]_1
    SLICE_X31Y93         LUT6 (Prop_lut6_I2_O)        0.124    10.292 r  design_1_i/Processor_Interconnects/axi_interconnect_1/xbar/inst/gen_samd.crossbar_samd/gen_slave_slots[0].gen_si_read.si_transactor_ar/gen_multi_thread.arbiter_resp_inst/gen_no_arbiter.s_ready_i[0]_i_2/O
                         net (fo=2, routed)           0.804    11.096    design_1_i/Processor_Interconnects/axi_interconnect_1/xbar/inst/gen_samd.crossbar_samd/gen_slave_slots[0].gen_si_read.si_transactor_ar/gen_multi_thread.arbiter_resp_inst/m_valid_i
    SLICE_X35Y93         LUT2 (Prop_lut2_I0_O)        0.124    11.220 r  design_1_i/Processor_Interconnects/axi_interconnect_1/xbar/inst/gen_samd.crossbar_samd/gen_slave_slots[0].gen_si_read.si_transactor_ar/gen_multi_thread.arbiter_resp_inst/gen_no_arbiter.s_ready_i[0]_i_1/O
                         net (fo=7, routed)           0.340    11.560    design_1_i/Processor_Interconnects/axi_interconnect_1/xbar/inst/gen_samd.crossbar_samd/addr_arbiter_ar/E[0]
    SLICE_X35Y92         FDRE                                         r  design_1_i/Processor_Interconnects/axi_interconnect_1/xbar/inst/gen_samd.crossbar_samd/addr_arbiter_ar/gen_no_arbiter.m_target_hot_i_reg[2]/CE
  -------------------------------------------------------------------    -------------------

                         (clock clk_fpga_0 rise edge)
                                                     10.000    10.000 r  
    PS7_X0Y0             PS7                          0.000    10.000 r  design_1_i/processing_system7_0/inst/PS7_i/FCLKCLK[0]
                         net (fo=1, routed)           1.088    11.088    design_1_i/processing_system7_0/inst/FCLK_CLK_unbuffered[0]
    BUFGCTRL_X0Y16       BUFG (Prop_bufg_I_O)         0.091    11.179 r  design_1_i/processing_system7_0/inst/buffer_fclk_clk_0.FCLK_CLK_0_BUFG/O
                         net (fo=5152, routed)        1.479    12.658    design_1_i/Processor_Interconnects/axi_interconnect_1/xbar/inst/gen_samd.crossbar_samd/addr_arbiter_ar/aclk
    SLICE_X35Y92         FDRE                                         r  design_1_i/Processor_Interconnects/axi_interconnect_1/xbar/inst/gen_samd.crossbar_samd/addr_arbiter_ar/gen_no_arbiter.m_target_hot_i_reg[2]/C
                         clock pessimism              0.229    12.887    
                         clock uncertainty           -0.154    12.733    
    SLICE_X35Y92         FDRE (Setup_fdre_C_CE)      -0.205    12.528    design_1_i/Processor_Interconnects/axi_interconnect_1/xbar/inst/gen_samd.crossbar_samd/addr_arbiter_ar/gen_no_arbiter.m_target_hot_i_reg[2]
  -------------------------------------------------------------------
                         required time                         12.528    
                         arrival time                         -11.560    
  -------------------------------------------------------------------
                         slack                                  0.968    

Slack (MET) :             0.968ns  (required time - arrival time)
  Source:                 design_1_i/processing_system7_0/inst/PS7_i/MAXIGP0ACLK
                            (rising edge-triggered cell PS7 clocked by clk_fpga_0  {rise@0.000ns fall@5.000ns period=10.000ns})
  Destination:            design_1_i/Processor_Interconnects/axi_interconnect_1/xbar/inst/gen_samd.crossbar_samd/addr_arbiter_ar/gen_no_arbiter.m_target_hot_i_reg[3]/CE
                            (rising edge-triggered cell FDRE clocked by clk_fpga_0  {rise@0.000ns fall@5.000ns period=10.000ns})
  Path Group:             clk_fpga_0
  Path Type:              Setup (Max at Slow Process Corner)
  Requirement:            10.000ns  (clk_fpga_0 rise@10.000ns - clk_fpga_0 rise@0.000ns)
  Data Path Delay:        8.529ns  (logic 2.839ns (33.287%)  route 5.690ns (66.713%))
  Logic Levels:           6  (CARRY4=1 LUT2=1 LUT5=1 LUT6=3)
  Clock Path Skew:        -0.144ns (DCD - SCD + CPR)
    Destination Clock Delay (DCD):    2.658ns = ( 12.658 - 10.000 ) 
    Source Clock Delay      (SCD):    3.031ns
    Clock Pessimism Removal (CPR):    0.229ns
  Clock Uncertainty:      0.154ns  ((TSJ^2 + TIJ^2)^1/2 + DJ) / 2 + PE
    Total System Jitter     (TSJ):    0.071ns
    Total Input Jitter      (TIJ):    0.300ns
    Discrete Jitter          (DJ):    0.000ns
    Phase Error              (PE):    0.000ns

    Location             Delay type                Incr(ns)  Path(ns)    Netlist Resource(s)
  -------------------------------------------------------------------    -------------------
                         (clock clk_fpga_0 rise edge)
                                                      0.000     0.000 r  
    PS7_X0Y0             PS7                          0.000     0.000 r  design_1_i/processing_system7_0/inst/PS7_i/FCLKCLK[0]
                         net (fo=1, routed)           1.193     1.193    design_1_i/processing_system7_0/inst/FCLK_CLK_unbuffered[0]
    BUFGCTRL_X0Y16       BUFG (Prop_bufg_I_O)         0.101     1.294 r  design_1_i/processing_system7_0/inst/buffer_fclk_clk_0.FCLK_CLK_0_BUFG/O
                         net (fo=5152, routed)        1.737     3.031    design_1_i/processing_system7_0/inst/M_AXI_GP0_ACLK
    PS7_X0Y0             PS7                                          r  design_1_i/processing_system7_0/inst/PS7_i/MAXIGP0ACLK
  -------------------------------------------------------------------    -------------------
    PS7_X0Y0             PS7 (Prop_ps7_MAXIGP0ACLK_MAXIGP0ARID[5])
                                                      1.450     4.481 r  design_1_i/processing_system7_0/inst/PS7_i/MAXIGP0ARID[5]
                         net (fo=17, routed)          1.309     5.789    design_1_i/Processor_Interconnects/axi_interconnect_1/xbar/inst/gen_samd.crossbar_samd/gen_slave_slots[0].gen_si_read.si_transactor_ar/gen_multi_thread.gen_thread_loop[0].active_target_reg[0]_0[5]
    SLICE_X26Y87         LUT6 (Prop_lut6_I2_O)        0.124     5.913 r  design_1_i/Processor_Interconnects/axi_interconnect_1/xbar/inst/gen_samd.crossbar_samd/gen_slave_slots[0].gen_si_read.si_transactor_ar/gen_multi_thread.aid_match_00_carry_i_3/O
                         net (fo=1, routed)           0.000     5.913    design_1_i/Processor_Interconnects/axi_interconnect_1/xbar/inst/gen_samd.crossbar_samd/gen_slave_slots[0].gen_si_read.si_transactor_ar/gen_multi_thread.aid_match_00_carry_i_3_n_0
    SLICE_X26Y87         CARRY4 (Prop_carry4_S[1]_CO[3])
                                                      0.533     6.446 f  design_1_i/Processor_Interconnects/axi_interconnect_1/xbar/inst/gen_samd.crossbar_samd/gen_slave_slots[0].gen_si_read.si_transactor_ar/gen_multi_thread.aid_match_00_carry/CO[3]
                         net (fo=3, routed)           1.284     7.730    design_1_i/Processor_Interconnects/axi_interconnect_1/xbar/inst/gen_samd.crossbar_samd/gen_slave_slots[0].gen_si_read.si_transactor_ar/gen_multi_thread.aid_match_00
    SLICE_X28Y89         LUT5 (Prop_lut5_I0_O)        0.152     7.882 f  design_1_i/Processor_Interconnects/axi_interconnect_1/xbar/inst/gen_samd.crossbar_samd/gen_slave_slots[0].gen_si_read.si_transactor_ar/gen_multi_thread.gen_thread_loop[5].active_target[42]_i_6/O
                         net (fo=3, routed)           1.139     9.021    design_1_i/Processor_Interconnects/axi_interconnect_1/xbar/inst/gen_samd.crossbar_samd/gen_slave_slots[0].gen_si_read.si_transactor_ar/gen_multi_thread.gen_thread_loop[5].active_target[42]_i_6_n_0
    SLICE_X29Y92         LUT6 (Prop_lut6_I2_O)        0.332     9.353 f  design_1_i/Processor_Interconnects/axi_interconnect_1/xbar/inst/gen_samd.crossbar_samd/gen_slave_slots[0].gen_si_read.si_transactor_ar/gen_no_arbiter.s_ready_i[0]_i_5/O
                         net (fo=1, routed)           0.814    10.168    design_1_i/Processor_Interconnects/axi_interconnect_1/xbar/inst/gen_samd.crossbar_samd/gen_slave_slots[0].gen_si_read.si_transactor_ar/gen_multi_thread.arbiter_resp_inst/gen_no_arbiter.s_ready_i_reg[0]_1
    SLICE_X31Y93         LUT6 (Prop_lut6_I2_O)        0.124    10.292 r  design_1_i/Processor_Interconnects/axi_interconnect_1/xbar/inst/gen_samd.crossbar_samd/gen_slave_slots[0].gen_si_read.si_transactor_ar/gen_multi_thread.arbiter_resp_inst/gen_no_arbiter.s_ready_i[0]_i_2/O
                         net (fo=2, routed)           0.804    11.096    design_1_i/Processor_Interconnects/axi_interconnect_1/xbar/inst/gen_samd.crossbar_samd/gen_slave_slots[0].gen_si_read.si_transactor_ar/gen_multi_thread.arbiter_resp_inst/m_valid_i
    SLICE_X35Y93         LUT2 (Prop_lut2_I0_O)        0.124    11.220 r  design_1_i/Processor_Interconnects/axi_interconnect_1/xbar/inst/gen_samd.crossbar_samd/gen_slave_slots[0].gen_si_read.si_transactor_ar/gen_multi_thread.arbiter_resp_inst/gen_no_arbiter.s_ready_i[0]_i_1/O
                         net (fo=7, routed)           0.340    11.560    design_1_i/Processor_Interconnects/axi_interconnect_1/xbar/inst/gen_samd.crossbar_samd/addr_arbiter_ar/E[0]
    SLICE_X35Y92         FDRE                                         r  design_1_i/Processor_Interconnects/axi_interconnect_1/xbar/inst/gen_samd.crossbar_samd/addr_arbiter_ar/gen_no_arbiter.m_target_hot_i_reg[3]/CE
  -------------------------------------------------------------------    -------------------

                         (clock clk_fpga_0 rise edge)
                                                     10.000    10.000 r  
    PS7_X0Y0             PS7                          0.000    10.000 r  design_1_i/processing_system7_0/inst/PS7_i/FCLKCLK[0]
                         net (fo=1, routed)           1.088    11.088    design_1_i/processing_system7_0/inst/FCLK_CLK_unbuffered[0]
    BUFGCTRL_X0Y16       BUFG (Prop_bufg_I_O)         0.091    11.179 r  design_1_i/processing_system7_0/inst/buffer_fclk_clk_0.FCLK_CLK_0_BUFG/O
                         net (fo=5152, routed)        1.479    12.658    design_1_i/Processor_Interconnects/axi_interconnect_1/xbar/inst/gen_samd.crossbar_samd/addr_arbiter_ar/aclk
    SLICE_X35Y92         FDRE                                         r  design_1_i/Processor_Interconnects/axi_interconnect_1/xbar/inst/gen_samd.crossbar_samd/addr_arbiter_ar/gen_no_arbiter.m_target_hot_i_reg[3]/C
                         clock pessimism              0.229    12.887    
                         clock uncertainty           -0.154    12.733    
    SLICE_X35Y92         FDRE (Setup_fdre_C_CE)      -0.205    12.528    design_1_i/Processor_Interconnects/axi_interconnect_1/xbar/inst/gen_samd.crossbar_samd/addr_arbiter_ar/gen_no_arbiter.m_target_hot_i_reg[3]
  -------------------------------------------------------------------
                         required time                         12.528    
                         arrival time                         -11.560    
  -------------------------------------------------------------------
                         slack                                  0.968    

Slack (MET) :             0.968ns  (required time - arrival time)
  Source:                 design_1_i/processing_system7_0/inst/PS7_i/MAXIGP0ACLK
                            (rising edge-triggered cell PS7 clocked by clk_fpga_0  {rise@0.000ns fall@5.000ns period=10.000ns})
  Destination:            design_1_i/Processor_Interconnects/axi_interconnect_1/xbar/inst/gen_samd.crossbar_samd/addr_arbiter_ar/gen_no_arbiter.m_target_hot_i_reg[4]/CE
                            (rising edge-triggered cell FDRE clocked by clk_fpga_0  {rise@0.000ns fall@5.000ns period=10.000ns})
  Path Group:             clk_fpga_0
  Path Type:              Setup (Max at Slow Process Corner)
  Requirement:            10.000ns  (clk_fpga_0 rise@10.000ns - clk_fpga_0 rise@0.000ns)
  Data Path Delay:        8.529ns  (logic 2.839ns (33.287%)  route 5.690ns (66.713%))
  Logic Levels:           6  (CARRY4=1 LUT2=1 LUT5=1 LUT6=3)
  Clock Path Skew:        -0.144ns (DCD - SCD + CPR)
    Destination Clock Delay (DCD):    2.658ns = ( 12.658 - 10.000 ) 
    Source Clock Delay      (SCD):    3.031ns
    Clock Pessimism Removal (CPR):    0.229ns
  Clock Uncertainty:      0.154ns  ((TSJ^2 + TIJ^2)^1/2 + DJ) / 2 + PE
    Total System Jitter     (TSJ):    0.071ns
    Total Input Jitter      (TIJ):    0.300ns
    Discrete Jitter          (DJ):    0.000ns
    Phase Error              (PE):    0.000ns

    Location             Delay type                Incr(ns)  Path(ns)    Netlist Resource(s)
  -------------------------------------------------------------------    -------------------
                         (clock clk_fpga_0 rise edge)
                                                      0.000     0.000 r  
    PS7_X0Y0             PS7                          0.000     0.000 r  design_1_i/processing_system7_0/inst/PS7_i/FCLKCLK[0]
                         net (fo=1, routed)           1.193     1.193    design_1_i/processing_system7_0/inst/FCLK_CLK_unbuffered[0]
    BUFGCTRL_X0Y16       BUFG (Prop_bufg_I_O)         0.101     1.294 r  design_1_i/processing_system7_0/inst/buffer_fclk_clk_0.FCLK_CLK_0_BUFG/O
                         net (fo=5152, routed)        1.737     3.031    design_1_i/processing_system7_0/inst/M_AXI_GP0_ACLK
    PS7_X0Y0             PS7                                          r  design_1_i/processing_system7_0/inst/PS7_i/MAXIGP0ACLK
  -------------------------------------------------------------------    -------------------
    PS7_X0Y0             PS7 (Prop_ps7_MAXIGP0ACLK_MAXIGP0ARID[5])
                                                      1.450     4.481 r  design_1_i/processing_system7_0/inst/PS7_i/MAXIGP0ARID[5]
                         net (fo=17, routed)          1.309     5.789    design_1_i/Processor_Interconnects/axi_interconnect_1/xbar/inst/gen_samd.crossbar_samd/gen_slave_slots[0].gen_si_read.si_transactor_ar/gen_multi_thread.gen_thread_loop[0].active_target_reg[0]_0[5]
    SLICE_X26Y87         LUT6 (Prop_lut6_I2_O)        0.124     5.913 r  design_1_i/Processor_Interconnects/axi_interconnect_1/xbar/inst/gen_samd.crossbar_samd/gen_slave_slots[0].gen_si_read.si_transactor_ar/gen_multi_thread.aid_match_00_carry_i_3/O
                         net (fo=1, routed)           0.000     5.913    design_1_i/Processor_Interconnects/axi_interconnect_1/xbar/inst/gen_samd.crossbar_samd/gen_slave_slots[0].gen_si_read.si_transactor_ar/gen_multi_thread.aid_match_00_carry_i_3_n_0
    SLICE_X26Y87         CARRY4 (Prop_carry4_S[1]_CO[3])
                                                      0.533     6.446 f  design_1_i/Processor_Interconnects/axi_interconnect_1/xbar/inst/gen_samd.crossbar_samd/gen_slave_slots[0].gen_si_read.si_transactor_ar/gen_multi_thread.aid_match_00_carry/CO[3]
                         net (fo=3, routed)           1.284     7.730    design_1_i/Processor_Interconnects/axi_interconnect_1/xbar/inst/gen_samd.crossbar_samd/gen_slave_slots[0].gen_si_read.si_transactor_ar/gen_multi_thread.aid_match_00
    SLICE_X28Y89         LUT5 (Prop_lut5_I0_O)        0.152     7.882 f  design_1_i/Processor_Interconnects/axi_interconnect_1/xbar/inst/gen_samd.crossbar_samd/gen_slave_slots[0].gen_si_read.si_transactor_ar/gen_multi_thread.gen_thread_loop[5].active_target[42]_i_6/O
                         net (fo=3, routed)           1.139     9.021    design_1_i/Processor_Interconnects/axi_interconnect_1/xbar/inst/gen_samd.crossbar_samd/gen_slave_slots[0].gen_si_read.si_transactor_ar/gen_multi_thread.gen_thread_loop[5].active_target[42]_i_6_n_0
    SLICE_X29Y92         LUT6 (Prop_lut6_I2_O)        0.332     9.353 f  design_1_i/Processor_Interconnects/axi_interconnect_1/xbar/inst/gen_samd.crossbar_samd/gen_slave_slots[0].gen_si_read.si_transactor_ar/gen_no_arbiter.s_ready_i[0]_i_5/O
                         net (fo=1, routed)           0.814    10.168    design_1_i/Processor_Interconnects/axi_interconnect_1/xbar/inst/gen_samd.crossbar_samd/gen_slave_slots[0].gen_si_read.si_transactor_ar/gen_multi_thread.arbiter_resp_inst/gen_no_arbiter.s_ready_i_reg[0]_1
    SLICE_X31Y93         LUT6 (Prop_lut6_I2_O)        0.124    10.292 r  design_1_i/Processor_Interconnects/axi_interconnect_1/xbar/inst/gen_samd.crossbar_samd/gen_slave_slots[0].gen_si_read.si_transactor_ar/gen_multi_thread.arbiter_resp_inst/gen_no_arbiter.s_ready_i[0]_i_2/O
                         net (fo=2, routed)           0.804    11.096    design_1_i/Processor_Interconnects/axi_interconnect_1/xbar/inst/gen_samd.crossbar_samd/gen_slave_slots[0].gen_si_read.si_transactor_ar/gen_multi_thread.arbiter_resp_inst/m_valid_i
    SLICE_X35Y93         LUT2 (Prop_lut2_I0_O)        0.124    11.220 r  design_1_i/Processor_Interconnects/axi_interconnect_1/xbar/inst/gen_samd.crossbar_samd/gen_slave_slots[0].gen_si_read.si_transactor_ar/gen_multi_thread.arbiter_resp_inst/gen_no_arbiter.s_ready_i[0]_i_1/O
                         net (fo=7, routed)           0.340    11.560    design_1_i/Processor_Interconnects/axi_interconnect_1/xbar/inst/gen_samd.crossbar_samd/addr_arbiter_ar/E[0]
    SLICE_X35Y92         FDRE                                         r  design_1_i/Processor_Interconnects/axi_interconnect_1/xbar/inst/gen_samd.crossbar_samd/addr_arbiter_ar/gen_no_arbiter.m_target_hot_i_reg[4]/CE
  -------------------------------------------------------------------    -------------------

                         (clock clk_fpga_0 rise edge)
                                                     10.000    10.000 r  
    PS7_X0Y0             PS7                          0.000    10.000 r  design_1_i/processing_system7_0/inst/PS7_i/FCLKCLK[0]
                         net (fo=1, routed)           1.088    11.088    design_1_i/processing_system7_0/inst/FCLK_CLK_unbuffered[0]
    BUFGCTRL_X0Y16       BUFG (Prop_bufg_I_O)         0.091    11.179 r  design_1_i/processing_system7_0/inst/buffer_fclk_clk_0.FCLK_CLK_0_BUFG/O
                         net (fo=5152, routed)        1.479    12.658    design_1_i/Processor_Interconnects/axi_interconnect_1/xbar/inst/gen_samd.crossbar_samd/addr_arbiter_ar/aclk
    SLICE_X35Y92         FDRE                                         r  design_1_i/Processor_Interconnects/axi_interconnect_1/xbar/inst/gen_samd.crossbar_samd/addr_arbiter_ar/gen_no_arbiter.m_target_hot_i_reg[4]/C
                         clock pessimism              0.229    12.887    
                         clock uncertainty           -0.154    12.733    
    SLICE_X35Y92         FDRE (Setup_fdre_C_CE)      -0.205    12.528    design_1_i/Processor_Interconnects/axi_interconnect_1/xbar/inst/gen_samd.crossbar_samd/addr_arbiter_ar/gen_no_arbiter.m_target_hot_i_reg[4]
  -------------------------------------------------------------------
                         required time                         12.528    
                         arrival time                         -11.560    
  -------------------------------------------------------------------
                         slack                                  0.968    

Slack (MET) :             0.968ns  (required time - arrival time)
  Source:                 design_1_i/processing_system7_0/inst/PS7_i/MAXIGP0ACLK
                            (rising edge-triggered cell PS7 clocked by clk_fpga_0  {rise@0.000ns fall@5.000ns period=10.000ns})
  Destination:            design_1_i/Processor_Interconnects/axi_interconnect_1/xbar/inst/gen_samd.crossbar_samd/addr_arbiter_ar/gen_no_arbiter.m_target_hot_i_reg[5]/CE
                            (rising edge-triggered cell FDRE clocked by clk_fpga_0  {rise@0.000ns fall@5.000ns period=10.000ns})
  Path Group:             clk_fpga_0
  Path Type:              Setup (Max at Slow Process Corner)
  Requirement:            10.000ns  (clk_fpga_0 rise@10.000ns - clk_fpga_0 rise@0.000ns)
  Data Path Delay:        8.529ns  (logic 2.839ns (33.287%)  route 5.690ns (66.713%))
  Logic Levels:           6  (CARRY4=1 LUT2=1 LUT5=1 LUT6=3)
  Clock Path Skew:        -0.144ns (DCD - SCD + CPR)
    Destination Clock Delay (DCD):    2.658ns = ( 12.658 - 10.000 ) 
    Source Clock Delay      (SCD):    3.031ns
    Clock Pessimism Removal (CPR):    0.229ns
  Clock Uncertainty:      0.154ns  ((TSJ^2 + TIJ^2)^1/2 + DJ) / 2 + PE
    Total System Jitter     (TSJ):    0.071ns
    Total Input Jitter      (TIJ):    0.300ns
    Discrete Jitter          (DJ):    0.000ns
    Phase Error              (PE):    0.000ns

    Location             Delay type                Incr(ns)  Path(ns)    Netlist Resource(s)
  -------------------------------------------------------------------    -------------------
                         (clock clk_fpga_0 rise edge)
                                                      0.000     0.000 r  
    PS7_X0Y0             PS7                          0.000     0.000 r  design_1_i/processing_system7_0/inst/PS7_i/FCLKCLK[0]
                         net (fo=1, routed)           1.193     1.193    design_1_i/processing_system7_0/inst/FCLK_CLK_unbuffered[0]
    BUFGCTRL_X0Y16       BUFG (Prop_bufg_I_O)         0.101     1.294 r  design_1_i/processing_system7_0/inst/buffer_fclk_clk_0.FCLK_CLK_0_BUFG/O
                         net (fo=5152, routed)        1.737     3.031    design_1_i/processing_system7_0/inst/M_AXI_GP0_ACLK
    PS7_X0Y0             PS7                                          r  design_1_i/processing_system7_0/inst/PS7_i/MAXIGP0ACLK
  -------------------------------------------------------------------    -------------------
    PS7_X0Y0             PS7 (Prop_ps7_MAXIGP0ACLK_MAXIGP0ARID[5])
                                                      1.450     4.481 r  design_1_i/processing_system7_0/inst/PS7_i/MAXIGP0ARID[5]
                         net (fo=17, routed)          1.309     5.789    design_1_i/Processor_Interconnects/axi_interconnect_1/xbar/inst/gen_samd.crossbar_samd/gen_slave_slots[0].gen_si_read.si_transactor_ar/gen_multi_thread.gen_thread_loop[0].active_target_reg[0]_0[5]
    SLICE_X26Y87         LUT6 (Prop_lut6_I2_O)        0.124     5.913 r  design_1_i/Processor_Interconnects/axi_interconnect_1/xbar/inst/gen_samd.crossbar_samd/gen_slave_slots[0].gen_si_read.si_transactor_ar/gen_multi_thread.aid_match_00_carry_i_3/O
                         net (fo=1, routed)           0.000     5.913    design_1_i/Processor_Interconnects/axi_interconnect_1/xbar/inst/gen_samd.crossbar_samd/gen_slave_slots[0].gen_si_read.si_transactor_ar/gen_multi_thread.aid_match_00_carry_i_3_n_0
    SLICE_X26Y87         CARRY4 (Prop_carry4_S[1]_CO[3])
                                                      0.533     6.446 f  design_1_i/Processor_Interconnects/axi_interconnect_1/xbar/inst/gen_samd.crossbar_samd/gen_slave_slots[0].gen_si_read.si_transactor_ar/gen_multi_thread.aid_match_00_carry/CO[3]
                         net (fo=3, routed)           1.284     7.730    design_1_i/Processor_Interconnects/axi_interconnect_1/xbar/inst/gen_samd.crossbar_samd/gen_slave_slots[0].gen_si_read.si_transactor_ar/gen_multi_thread.aid_match_00
    SLICE_X28Y89         LUT5 (Prop_lut5_I0_O)        0.152     7.882 f  design_1_i/Processor_Interconnects/axi_interconnect_1/xbar/inst/gen_samd.crossbar_samd/gen_slave_slots[0].gen_si_read.si_transactor_ar/gen_multi_thread.gen_thread_loop[5].active_target[42]_i_6/O
                         net (fo=3, routed)           1.139     9.021    design_1_i/Processor_Interconnects/axi_interconnect_1/xbar/inst/gen_samd.crossbar_samd/gen_slave_slots[0].gen_si_read.si_transactor_ar/gen_multi_thread.gen_thread_loop[5].active_target[42]_i_6_n_0
    SLICE_X29Y92         LUT6 (Prop_lut6_I2_O)        0.332     9.353 f  design_1_i/Processor_Interconnects/axi_interconnect_1/xbar/inst/gen_samd.crossbar_samd/gen_slave_slots[0].gen_si_read.si_transactor_ar/gen_no_arbiter.s_ready_i[0]_i_5/O
                         net (fo=1, routed)           0.814    10.168    design_1_i/Processor_Interconnects/axi_interconnect_1/xbar/inst/gen_samd.crossbar_samd/gen_slave_slots[0].gen_si_read.si_transactor_ar/gen_multi_thread.arbiter_resp_inst/gen_no_arbiter.s_ready_i_reg[0]_1
    SLICE_X31Y93         LUT6 (Prop_lut6_I2_O)        0.124    10.292 r  design_1_i/Processor_Interconnects/axi_interconnect_1/xbar/inst/gen_samd.crossbar_samd/gen_slave_slots[0].gen_si_read.si_transactor_ar/gen_multi_thread.arbiter_resp_inst/gen_no_arbiter.s_ready_i[0]_i_2/O
                         net (fo=2, routed)           0.804    11.096    design_1_i/Processor_Interconnects/axi_interconnect_1/xbar/inst/gen_samd.crossbar_samd/gen_slave_slots[0].gen_si_read.si_transactor_ar/gen_multi_thread.arbiter_resp_inst/m_valid_i
    SLICE_X35Y93         LUT2 (Prop_lut2_I0_O)        0.124    11.220 r  design_1_i/Processor_Interconnects/axi_interconnect_1/xbar/inst/gen_samd.crossbar_samd/gen_slave_slots[0].gen_si_read.si_transactor_ar/gen_multi_thread.arbiter_resp_inst/gen_no_arbiter.s_ready_i[0]_i_1/O
                         net (fo=7, routed)           0.340    11.560    design_1_i/Processor_Interconnects/axi_interconnect_1/xbar/inst/gen_samd.crossbar_samd/addr_arbiter_ar/E[0]
    SLICE_X35Y92         FDRE                                         r  design_1_i/Processor_Interconnects/axi_interconnect_1/xbar/inst/gen_samd.crossbar_samd/addr_arbiter_ar/gen_no_arbiter.m_target_hot_i_reg[5]/CE
  -------------------------------------------------------------------    -------------------

                         (clock clk_fpga_0 rise edge)
                                                     10.000    10.000 r  
    PS7_X0Y0             PS7                          0.000    10.000 r  design_1_i/processing_system7_0/inst/PS7_i/FCLKCLK[0]
                         net (fo=1, routed)           1.088    11.088    design_1_i/processing_system7_0/inst/FCLK_CLK_unbuffered[0]
    BUFGCTRL_X0Y16       BUFG (Prop_bufg_I_O)         0.091    11.179 r  design_1_i/processing_system7_0/inst/buffer_fclk_clk_0.FCLK_CLK_0_BUFG/O
                         net (fo=5152, routed)        1.479    12.658    design_1_i/Processor_Interconnects/axi_interconnect_1/xbar/inst/gen_samd.crossbar_samd/addr_arbiter_ar/aclk
    SLICE_X35Y92         FDRE                                         r  design_1_i/Processor_Interconnects/axi_interconnect_1/xbar/inst/gen_samd.crossbar_samd/addr_arbiter_ar/gen_no_arbiter.m_target_hot_i_reg[5]/C
                         clock pessimism              0.229    12.887    
                         clock uncertainty           -0.154    12.733    
    SLICE_X35Y92         FDRE (Setup_fdre_C_CE)      -0.205    12.528    design_1_i/Processor_Interconnects/axi_interconnect_1/xbar/inst/gen_samd.crossbar_samd/addr_arbiter_ar/gen_no_arbiter.m_target_hot_i_reg[5]
  -------------------------------------------------------------------
                         required time                         12.528    
                         arrival time                         -11.560    
  -------------------------------------------------------------------
                         slack                                  0.968    

Slack (MET) :             1.004ns  (required time - arrival time)
  Source:                 design_1_i/processing_system7_0/inst/PS7_i/MAXIGP0ACLK
                            (rising edge-triggered cell PS7 clocked by clk_fpga_0  {rise@0.000ns fall@5.000ns period=10.000ns})
  Destination:            design_1_i/Processor_Interconnects/axi_interconnect_1/xbar/inst/gen_samd.crossbar_samd/addr_arbiter_ar/gen_no_arbiter.m_target_hot_i_reg[0]/CE
                            (rising edge-triggered cell FDRE clocked by clk_fpga_0  {rise@0.000ns fall@5.000ns period=10.000ns})
  Path Group:             clk_fpga_0
  Path Type:              Setup (Max at Slow Process Corner)
  Requirement:            10.000ns  (clk_fpga_0 rise@10.000ns - clk_fpga_0 rise@0.000ns)
  Data Path Delay:        8.529ns  (logic 2.839ns (33.287%)  route 5.690ns (66.713%))
  Logic Levels:           6  (CARRY4=1 LUT2=1 LUT5=1 LUT6=3)
  Clock Path Skew:        -0.144ns (DCD - SCD + CPR)
    Destination Clock Delay (DCD):    2.658ns = ( 12.658 - 10.000 ) 
    Source Clock Delay      (SCD):    3.031ns
    Clock Pessimism Removal (CPR):    0.229ns
  Clock Uncertainty:      0.154ns  ((TSJ^2 + TIJ^2)^1/2 + DJ) / 2 + PE
    Total System Jitter     (TSJ):    0.071ns
    Total Input Jitter      (TIJ):    0.300ns
    Discrete Jitter          (DJ):    0.000ns
    Phase Error              (PE):    0.000ns

    Location             Delay type                Incr(ns)  Path(ns)    Netlist Resource(s)
  -------------------------------------------------------------------    -------------------
                         (clock clk_fpga_0 rise edge)
                                                      0.000     0.000 r  
    PS7_X0Y0             PS7                          0.000     0.000 r  design_1_i/processing_system7_0/inst/PS7_i/FCLKCLK[0]
                         net (fo=1, routed)           1.193     1.193    design_1_i/processing_system7_0/inst/FCLK_CLK_unbuffered[0]
    BUFGCTRL_X0Y16       BUFG (Prop_bufg_I_O)         0.101     1.294 r  design_1_i/processing_system7_0/inst/buffer_fclk_clk_0.FCLK_CLK_0_BUFG/O
                         net (fo=5152, routed)        1.737     3.031    design_1_i/processing_system7_0/inst/M_AXI_GP0_ACLK
    PS7_X0Y0             PS7                                          r  design_1_i/processing_system7_0/inst/PS7_i/MAXIGP0ACLK
  -------------------------------------------------------------------    -------------------
    PS7_X0Y0             PS7 (Prop_ps7_MAXIGP0ACLK_MAXIGP0ARID[5])
                                                      1.450     4.481 r  design_1_i/processing_system7_0/inst/PS7_i/MAXIGP0ARID[5]
                         net (fo=17, routed)          1.309     5.789    design_1_i/Processor_Interconnects/axi_interconnect_1/xbar/inst/gen_samd.crossbar_samd/gen_slave_slots[0].gen_si_read.si_transactor_ar/gen_multi_thread.gen_thread_loop[0].active_target_reg[0]_0[5]
    SLICE_X26Y87         LUT6 (Prop_lut6_I2_O)        0.124     5.913 r  design_1_i/Processor_Interconnects/axi_interconnect_1/xbar/inst/gen_samd.crossbar_samd/gen_slave_slots[0].gen_si_read.si_transactor_ar/gen_multi_thread.aid_match_00_carry_i_3/O
                         net (fo=1, routed)           0.000     5.913    design_1_i/Processor_Interconnects/axi_interconnect_1/xbar/inst/gen_samd.crossbar_samd/gen_slave_slots[0].gen_si_read.si_transactor_ar/gen_multi_thread.aid_match_00_carry_i_3_n_0
    SLICE_X26Y87         CARRY4 (Prop_carry4_S[1]_CO[3])
                                                      0.533     6.446 f  design_1_i/Processor_Interconnects/axi_interconnect_1/xbar/inst/gen_samd.crossbar_samd/gen_slave_slots[0].gen_si_read.si_transactor_ar/gen_multi_thread.aid_match_00_carry/CO[3]
                         net (fo=3, routed)           1.284     7.730    design_1_i/Processor_Interconnects/axi_interconnect_1/xbar/inst/gen_samd.crossbar_samd/gen_slave_slots[0].gen_si_read.si_transactor_ar/gen_multi_thread.aid_match_00
    SLICE_X28Y89         LUT5 (Prop_lut5_I0_O)        0.152     7.882 f  design_1_i/Processor_Interconnects/axi_interconnect_1/xbar/inst/gen_samd.crossbar_samd/gen_slave_slots[0].gen_si_read.si_transactor_ar/gen_multi_thread.gen_thread_loop[5].active_target[42]_i_6/O
                         net (fo=3, routed)           1.139     9.021    design_1_i/Processor_Interconnects/axi_interconnect_1/xbar/inst/gen_samd.crossbar_samd/gen_slave_slots[0].gen_si_read.si_transactor_ar/gen_multi_thread.gen_thread_loop[5].active_target[42]_i_6_n_0
    SLICE_X29Y92         LUT6 (Prop_lut6_I2_O)        0.332     9.353 f  design_1_i/Processor_Interconnects/axi_interconnect_1/xbar/inst/gen_samd.crossbar_samd/gen_slave_slots[0].gen_si_read.si_transactor_ar/gen_no_arbiter.s_ready_i[0]_i_5/O
                         net (fo=1, routed)           0.814    10.168    design_1_i/Processor_Interconnects/axi_interconnect_1/xbar/inst/gen_samd.crossbar_samd/gen_slave_slots[0].gen_si_read.si_transactor_ar/gen_multi_thread.arbiter_resp_inst/gen_no_arbiter.s_ready_i_reg[0]_1
    SLICE_X31Y93         LUT6 (Prop_lut6_I2_O)        0.124    10.292 r  design_1_i/Processor_Interconnects/axi_interconnect_1/xbar/inst/gen_samd.crossbar_samd/gen_slave_slots[0].gen_si_read.si_transactor_ar/gen_multi_thread.arbiter_resp_inst/gen_no_arbiter.s_ready_i[0]_i_2/O
                         net (fo=2, routed)           0.804    11.096    design_1_i/Processor_Interconnects/axi_interconnect_1/xbar/inst/gen_samd.crossbar_samd/gen_slave_slots[0].gen_si_read.si_transactor_ar/gen_multi_thread.arbiter_resp_inst/m_valid_i
    SLICE_X35Y93         LUT2 (Prop_lut2_I0_O)        0.124    11.220 r  design_1_i/Processor_Interconnects/axi_interconnect_1/xbar/inst/gen_samd.crossbar_samd/gen_slave_slots[0].gen_si_read.si_transactor_ar/gen_multi_thread.arbiter_resp_inst/gen_no_arbiter.s_ready_i[0]_i_1/O
                         net (fo=7, routed)           0.340    11.560    design_1_i/Processor_Interconnects/axi_interconnect_1/xbar/inst/gen_samd.crossbar_samd/addr_arbiter_ar/E[0]
    SLICE_X34Y92         FDRE                                         r  design_1_i/Processor_Interconnects/axi_interconnect_1/xbar/inst/gen_samd.crossbar_samd/addr_arbiter_ar/gen_no_arbiter.m_target_hot_i_reg[0]/CE
  -------------------------------------------------------------------    -------------------

                         (clock clk_fpga_0 rise edge)
                                                     10.000    10.000 r  
    PS7_X0Y0             PS7                          0.000    10.000 r  design_1_i/processing_system7_0/inst/PS7_i/FCLKCLK[0]
                         net (fo=1, routed)           1.088    11.088    design_1_i/processing_system7_0/inst/FCLK_CLK_unbuffered[0]
    BUFGCTRL_X0Y16       BUFG (Prop_bufg_I_O)         0.091    11.179 r  design_1_i/processing_system7_0/inst/buffer_fclk_clk_0.FCLK_CLK_0_BUFG/O
                         net (fo=5152, routed)        1.479    12.658    design_1_i/Processor_Interconnects/axi_interconnect_1/xbar/inst/gen_samd.crossbar_samd/addr_arbiter_ar/aclk
    SLICE_X34Y92         FDRE                                         r  design_1_i/Processor_Interconnects/axi_interconnect_1/xbar/inst/gen_samd.crossbar_samd/addr_arbiter_ar/gen_no_arbiter.m_target_hot_i_reg[0]/C
                         clock pessimism              0.229    12.887    
                         clock uncertainty           -0.154    12.733    
    SLICE_X34Y92         FDRE (Setup_fdre_C_CE)      -0.169    12.564    design_1_i/Processor_Interconnects/axi_interconnect_1/xbar/inst/gen_samd.crossbar_samd/addr_arbiter_ar/gen_no_arbiter.m_target_hot_i_reg[0]
  -------------------------------------------------------------------
                         required time                         12.564    
                         arrival time                         -11.560    
  -------------------------------------------------------------------
                         slack                                  1.004    





Min Delay Paths
--------------------------------------------------------------------------------------
Slack (MET) :             0.017ns  (arrival time - required time)
  Source:                 design_1_i/picorv32_processor/picorv32_0/inst/mem_addr_reg[18]/C
                            (rising edge-triggered cell FDRE clocked by clk_fpga_0  {rise@0.000ns fall@5.000ns period=10.000ns})
  Destination:            design_1_i/Processor_Interconnects/axi_interconnect_0/xbar/inst/gen_sasd.crossbar_sasd_0/addr_arbiter_inst/gen_no_arbiter.m_amesg_i_reg[19]/D
                            (rising edge-triggered cell FDRE clocked by clk_fpga_0  {rise@0.000ns fall@5.000ns period=10.000ns})
  Path Group:             clk_fpga_0
  Path Type:              Hold (Min at Fast Process Corner)
  Requirement:            0.000ns  (clk_fpga_0 rise@0.000ns - clk_fpga_0 rise@0.000ns)
  Data Path Delay:        0.347ns  (logic 0.141ns (40.640%)  route 0.206ns (59.360%))
  Logic Levels:           0  
  Clock Path Skew:        0.260ns (DCD - SCD - CPR)
    Destination Clock Delay (DCD):    1.178ns
    Source Clock Delay      (SCD):    0.883ns
    Clock Pessimism Removal (CPR):    0.035ns

    Location             Delay type                Incr(ns)  Path(ns)    Netlist Resource(s)
  -------------------------------------------------------------------    -------------------
                         (clock clk_fpga_0 rise edge)
                                                      0.000     0.000 r  
    PS7_X0Y0             PS7                          0.000     0.000 r  design_1_i/processing_system7_0/inst/PS7_i/FCLKCLK[0]
                         net (fo=1, routed)           0.310     0.310    design_1_i/processing_system7_0/inst/FCLK_CLK_unbuffered[0]
    BUFGCTRL_X0Y16       BUFG (Prop_bufg_I_O)         0.026     0.336 r  design_1_i/processing_system7_0/inst/buffer_fclk_clk_0.FCLK_CLK_0_BUFG/O
                         net (fo=5152, routed)        0.547     0.883    design_1_i/picorv32_processor/picorv32_0/inst/clk
    SLICE_X49Y69         FDRE                                         r  design_1_i/picorv32_processor/picorv32_0/inst/mem_addr_reg[18]/C
  -------------------------------------------------------------------    -------------------
    SLICE_X49Y69         FDRE (Prop_fdre_C_Q)         0.141     1.024 r  design_1_i/picorv32_processor/picorv32_0/inst/mem_addr_reg[18]/Q
                         net (fo=1, routed)           0.206     1.230    design_1_i/Processor_Interconnects/axi_interconnect_0/xbar/inst/gen_sasd.crossbar_sasd_0/addr_arbiter_inst/s_axi_araddr[18]
    SLICE_X51Y67         FDRE                                         r  design_1_i/Processor_Interconnects/axi_interconnect_0/xbar/inst/gen_sasd.crossbar_sasd_0/addr_arbiter_inst/gen_no_arbiter.m_amesg_i_reg[19]/D
  -------------------------------------------------------------------    -------------------

                         (clock clk_fpga_0 rise edge)
                                                      0.000     0.000 r  
    PS7_X0Y0             PS7                          0.000     0.000 r  design_1_i/processing_system7_0/inst/PS7_i/FCLKCLK[0]
                         net (fo=1, routed)           0.337     0.337    design_1_i/processing_system7_0/inst/FCLK_CLK_unbuffered[0]
    BUFGCTRL_X0Y16       BUFG (Prop_bufg_I_O)         0.029     0.366 r  design_1_i/processing_system7_0/inst/buffer_fclk_clk_0.FCLK_CLK_0_BUFG/O
                         net (fo=5152, routed)        0.812     1.178    design_1_i/Processor_Interconnects/axi_interconnect_0/xbar/inst/gen_sasd.crossbar_sasd_0/addr_arbiter_inst/aclk
    SLICE_X51Y67         FDRE                                         r  design_1_i/Processor_Interconnects/axi_interconnect_0/xbar/inst/gen_sasd.crossbar_sasd_0/addr_arbiter_inst/gen_no_arbiter.m_amesg_i_reg[19]/C
                         clock pessimism             -0.035     1.143    
    SLICE_X51Y67         FDRE (Hold_fdre_C_D)         0.070     1.213    design_1_i/Processor_Interconnects/axi_interconnect_0/xbar/inst/gen_sasd.crossbar_sasd_0/addr_arbiter_inst/gen_no_arbiter.m_amesg_i_reg[19]
  -------------------------------------------------------------------
                         required time                         -1.213    
                         arrival time                           1.230    
  -------------------------------------------------------------------
                         slack                                  0.017    

Slack (MET) :             0.027ns  (arrival time - required time)
  Source:                 design_1_i/picorv32_processor/picorv32_0/inst/mem_addr_reg[22]/C
                            (rising edge-triggered cell FDRE clocked by clk_fpga_0  {rise@0.000ns fall@5.000ns period=10.000ns})
  Destination:            design_1_i/Processor_Interconnects/axi_interconnect_0/xbar/inst/gen_sasd.crossbar_sasd_0/addr_arbiter_inst/gen_no_arbiter.m_amesg_i_reg[23]/D
                            (rising edge-triggered cell FDRE clocked by clk_fpga_0  {rise@0.000ns fall@5.000ns period=10.000ns})
  Path Group:             clk_fpga_0
  Path Type:              Hold (Min at Fast Process Corner)
  Requirement:            0.000ns  (clk_fpga_0 rise@0.000ns - clk_fpga_0 rise@0.000ns)
  Data Path Delay:        0.350ns  (logic 0.141ns (40.230%)  route 0.209ns (59.770%))
  Logic Levels:           0  
  Clock Path Skew:        0.257ns (DCD - SCD - CPR)
    Destination Clock Delay (DCD):    1.173ns
    Source Clock Delay      (SCD):    0.881ns
    Clock Pessimism Removal (CPR):    0.035ns

    Location             Delay type                Incr(ns)  Path(ns)    Netlist Resource(s)
  -------------------------------------------------------------------    -------------------
                         (clock clk_fpga_0 rise edge)
                                                      0.000     0.000 r  
    PS7_X0Y0             PS7                          0.000     0.000 r  design_1_i/processing_system7_0/inst/PS7_i/FCLKCLK[0]
                         net (fo=1, routed)           0.310     0.310    design_1_i/processing_system7_0/inst/FCLK_CLK_unbuffered[0]
    BUFGCTRL_X0Y16       BUFG (Prop_bufg_I_O)         0.026     0.336 r  design_1_i/processing_system7_0/inst/buffer_fclk_clk_0.FCLK_CLK_0_BUFG/O
                         net (fo=5152, routed)        0.545     0.881    design_1_i/picorv32_processor/picorv32_0/inst/clk
    SLICE_X48Y71         FDRE                                         r  design_1_i/picorv32_processor/picorv32_0/inst/mem_addr_reg[22]/C
  -------------------------------------------------------------------    -------------------
    SLICE_X48Y71         FDRE (Prop_fdre_C_Q)         0.141     1.022 r  design_1_i/picorv32_processor/picorv32_0/inst/mem_addr_reg[22]/Q
                         net (fo=1, routed)           0.209     1.231    design_1_i/Processor_Interconnects/axi_interconnect_0/xbar/inst/gen_sasd.crossbar_sasd_0/addr_arbiter_inst/s_axi_araddr[22]
    SLICE_X51Y72         FDRE                                         r  design_1_i/Processor_Interconnects/axi_interconnect_0/xbar/inst/gen_sasd.crossbar_sasd_0/addr_arbiter_inst/gen_no_arbiter.m_amesg_i_reg[23]/D
  -------------------------------------------------------------------    -------------------

                         (clock clk_fpga_0 rise edge)
                                                      0.000     0.000 r  
    PS7_X0Y0             PS7                          0.000     0.000 r  design_1_i/processing_system7_0/inst/PS7_i/FCLKCLK[0]
                         net (fo=1, routed)           0.337     0.337    design_1_i/processing_system7_0/inst/FCLK_CLK_unbuffered[0]
    BUFGCTRL_X0Y16       BUFG (Prop_bufg_I_O)         0.029     0.366 r  design_1_i/processing_system7_0/inst/buffer_fclk_clk_0.FCLK_CLK_0_BUFG/O
                         net (fo=5152, routed)        0.807     1.173    design_1_i/Processor_Interconnects/axi_interconnect_0/xbar/inst/gen_sasd.crossbar_sasd_0/addr_arbiter_inst/aclk
    SLICE_X51Y72         FDRE                                         r  design_1_i/Processor_Interconnects/axi_interconnect_0/xbar/inst/gen_sasd.crossbar_sasd_0/addr_arbiter_inst/gen_no_arbiter.m_amesg_i_reg[23]/C
                         clock pessimism             -0.035     1.138    
    SLICE_X51Y72         FDRE (Hold_fdre_C_D)         0.066     1.204    design_1_i/Processor_Interconnects/axi_interconnect_0/xbar/inst/gen_sasd.crossbar_sasd_0/addr_arbiter_inst/gen_no_arbiter.m_amesg_i_reg[23]
  -------------------------------------------------------------------
                         required time                         -1.204    
                         arrival time                           1.231    
  -------------------------------------------------------------------
                         slack                                  0.027    

Slack (MET) :             0.028ns  (arrival time - required time)
  Source:                 design_1_i/picorv32_processor/picorv32_0/inst/mem_addr_reg[19]/C
                            (rising edge-triggered cell FDRE clocked by clk_fpga_0  {rise@0.000ns fall@5.000ns period=10.000ns})
  Destination:            design_1_i/Processor_Interconnects/axi_interconnect_0/xbar/inst/gen_sasd.crossbar_sasd_0/addr_arbiter_inst/gen_no_arbiter.m_amesg_i_reg[20]/D
                            (rising edge-triggered cell FDRE clocked by clk_fpga_0  {rise@0.000ns fall@5.000ns period=10.000ns})
  Path Group:             clk_fpga_0
  Path Type:              Hold (Min at Fast Process Corner)
  Requirement:            0.000ns  (clk_fpga_0 rise@0.000ns - clk_fpga_0 rise@0.000ns)
  Data Path Delay:        0.355ns  (logic 0.141ns (39.715%)  route 0.214ns (60.285%))
  Logic Levels:           0  
  Clock Path Skew:        0.261ns (DCD - SCD - CPR)
    Destination Clock Delay (DCD):    1.178ns
    Source Clock Delay      (SCD):    0.882ns
    Clock Pessimism Removal (CPR):    0.035ns

    Location             Delay type                Incr(ns)  Path(ns)    Netlist Resource(s)
  -------------------------------------------------------------------    -------------------
                         (clock clk_fpga_0 rise edge)
                                                      0.000     0.000 r  
    PS7_X0Y0             PS7                          0.000     0.000 r  design_1_i/processing_system7_0/inst/PS7_i/FCLKCLK[0]
                         net (fo=1, routed)           0.310     0.310    design_1_i/processing_system7_0/inst/FCLK_CLK_unbuffered[0]
    BUFGCTRL_X0Y16       BUFG (Prop_bufg_I_O)         0.026     0.336 r  design_1_i/processing_system7_0/inst/buffer_fclk_clk_0.FCLK_CLK_0_BUFG/O
                         net (fo=5152, routed)        0.546     0.882    design_1_i/picorv32_processor/picorv32_0/inst/clk
    SLICE_X49Y70         FDRE                                         r  design_1_i/picorv32_processor/picorv32_0/inst/mem_addr_reg[19]/C
  -------------------------------------------------------------------    -------------------
    SLICE_X49Y70         FDRE (Prop_fdre_C_Q)         0.141     1.023 r  design_1_i/picorv32_processor/picorv32_0/inst/mem_addr_reg[19]/Q
                         net (fo=1, routed)           0.214     1.237    design_1_i/Processor_Interconnects/axi_interconnect_0/xbar/inst/gen_sasd.crossbar_sasd_0/addr_arbiter_inst/s_axi_araddr[19]
    SLICE_X51Y67         FDRE                                         r  design_1_i/Processor_Interconnects/axi_interconnect_0/xbar/inst/gen_sasd.crossbar_sasd_0/addr_arbiter_inst/gen_no_arbiter.m_amesg_i_reg[20]/D
  -------------------------------------------------------------------    -------------------

                         (clock clk_fpga_0 rise edge)
                                                      0.000     0.000 r  
    PS7_X0Y0             PS7                          0.000     0.000 r  design_1_i/processing_system7_0/inst/PS7_i/FCLKCLK[0]
                         net (fo=1, routed)           0.337     0.337    design_1_i/processing_system7_0/inst/FCLK_CLK_unbuffered[0]
    BUFGCTRL_X0Y16       BUFG (Prop_bufg_I_O)         0.029     0.366 r  design_1_i/processing_system7_0/inst/buffer_fclk_clk_0.FCLK_CLK_0_BUFG/O
                         net (fo=5152, routed)        0.812     1.178    design_1_i/Processor_Interconnects/axi_interconnect_0/xbar/inst/gen_sasd.crossbar_sasd_0/addr_arbiter_inst/aclk
    SLICE_X51Y67         FDRE                                         r  design_1_i/Processor_Interconnects/axi_interconnect_0/xbar/inst/gen_sasd.crossbar_sasd_0/addr_arbiter_inst/gen_no_arbiter.m_amesg_i_reg[20]/C
                         clock pessimism             -0.035     1.143    
    SLICE_X51Y67         FDRE (Hold_fdre_C_D)         0.066     1.209    design_1_i/Processor_Interconnects/axi_interconnect_0/xbar/inst/gen_sasd.crossbar_sasd_0/addr_arbiter_inst/gen_no_arbiter.m_amesg_i_reg[20]
  -------------------------------------------------------------------
                         required time                         -1.209    
                         arrival time                           1.237    
  -------------------------------------------------------------------
                         slack                                  0.028    

Slack (MET) :             0.042ns  (arrival time - required time)
  Source:                 design_1_i/Processor_Interconnects/axi_interconnect_1/m03_couplers/auto_pc/inst/gen_axilite.gen_b2s_conv.axilite_b2s/SI_REG/aw.aw_pipe/m_payload_i_reg[47]/C
                            (rising edge-triggered cell FDRE clocked by clk_fpga_0  {rise@0.000ns fall@5.000ns period=10.000ns})
  Destination:            design_1_i/Processor_Interconnects/axi_interconnect_1/m03_couplers/auto_pc/inst/gen_axilite.gen_b2s_conv.axilite_b2s/WR.aw_channel_0/cmd_translator_0/incr_cmd_0/axlen_cnt_reg[3]/D
                            (rising edge-triggered cell FDRE clocked by clk_fpga_0  {rise@0.000ns fall@5.000ns period=10.000ns})
  Path Group:             clk_fpga_0
  Path Type:              Hold (Min at Fast Process Corner)
  Requirement:            0.000ns  (clk_fpga_0 rise@0.000ns - clk_fpga_0 rise@0.000ns)
  Data Path Delay:        0.483ns  (logic 0.246ns (50.916%)  route 0.237ns (49.084%))
  Logic Levels:           1  (LUT5=1)
  Clock Path Skew:        0.349ns (DCD - SCD - CPR)
    Destination Clock Delay (DCD):    1.277ns
    Source Clock Delay      (SCD):    0.893ns
    Clock Pessimism Removal (CPR):    0.035ns

    Location             Delay type                Incr(ns)  Path(ns)    Netlist Resource(s)
  -------------------------------------------------------------------    -------------------
                         (clock clk_fpga_0 rise edge)
                                                      0.000     0.000 r  
    PS7_X0Y0             PS7                          0.000     0.000 r  design_1_i/processing_system7_0/inst/PS7_i/FCLKCLK[0]
                         net (fo=1, routed)           0.310     0.310    design_1_i/processing_system7_0/inst/FCLK_CLK_unbuffered[0]
    BUFGCTRL_X0Y16       BUFG (Prop_bufg_I_O)         0.026     0.336 r  design_1_i/processing_system7_0/inst/buffer_fclk_clk_0.FCLK_CLK_0_BUFG/O
                         net (fo=5152, routed)        0.557     0.893    design_1_i/Processor_Interconnects/axi_interconnect_1/m03_couplers/auto_pc/inst/gen_axilite.gen_b2s_conv.axilite_b2s/SI_REG/aw.aw_pipe/aclk
    SLICE_X42Y98         FDRE                                         r  design_1_i/Processor_Interconnects/axi_interconnect_1/m03_couplers/auto_pc/inst/gen_axilite.gen_b2s_conv.axilite_b2s/SI_REG/aw.aw_pipe/m_payload_i_reg[47]/C
  -------------------------------------------------------------------    -------------------
    SLICE_X42Y98         FDRE (Prop_fdre_C_Q)         0.148     1.041 r  design_1_i/Processor_Interconnects/axi_interconnect_1/m03_couplers/auto_pc/inst/gen_axilite.gen_b2s_conv.axilite_b2s/SI_REG/aw.aw_pipe/m_payload_i_reg[47]/Q
                         net (fo=9, routed)           0.237     1.278    design_1_i/Processor_Interconnects/axi_interconnect_1/m03_couplers/auto_pc/inst/gen_axilite.gen_b2s_conv.axilite_b2s/WR.aw_channel_0/cmd_translator_0/incr_cmd_0/axlen_cnt_reg[7]_0[9]
    SLICE_X40Y101        LUT5 (Prop_lut5_I0_O)        0.098     1.376 r  design_1_i/Processor_Interconnects/axi_interconnect_1/m03_couplers/auto_pc/inst/gen_axilite.gen_b2s_conv.axilite_b2s/WR.aw_channel_0/cmd_translator_0/incr_cmd_0/axlen_cnt[3]_i_1__0/O
                         net (fo=1, routed)           0.000     1.376    design_1_i/Processor_Interconnects/axi_interconnect_1/m03_couplers/auto_pc/inst/gen_axilite.gen_b2s_conv.axilite_b2s/WR.aw_channel_0/cmd_translator_0/incr_cmd_0/axlen_cnt[3]_i_1__0_n_0
    SLICE_X40Y101        FDRE                                         r  design_1_i/Processor_Interconnects/axi_interconnect_1/m03_couplers/auto_pc/inst/gen_axilite.gen_b2s_conv.axilite_b2s/WR.aw_channel_0/cmd_translator_0/incr_cmd_0/axlen_cnt_reg[3]/D
  -------------------------------------------------------------------    -------------------

                         (clock clk_fpga_0 rise edge)
                                                      0.000     0.000 r  
    PS7_X0Y0             PS7                          0.000     0.000 r  design_1_i/processing_system7_0/inst/PS7_i/FCLKCLK[0]
                         net (fo=1, routed)           0.337     0.337    design_1_i/processing_system7_0/inst/FCLK_CLK_unbuffered[0]
    BUFGCTRL_X0Y16       BUFG (Prop_bufg_I_O)         0.029     0.366 r  design_1_i/processing_system7_0/inst/buffer_fclk_clk_0.FCLK_CLK_0_BUFG/O
                         net (fo=5152, routed)        0.911     1.277    design_1_i/Processor_Interconnects/axi_interconnect_1/m03_couplers/auto_pc/inst/gen_axilite.gen_b2s_conv.axilite_b2s/WR.aw_channel_0/cmd_translator_0/incr_cmd_0/aclk
    SLICE_X40Y101        FDRE                                         r  design_1_i/Processor_Interconnects/axi_interconnect_1/m03_couplers/auto_pc/inst/gen_axilite.gen_b2s_conv.axilite_b2s/WR.aw_channel_0/cmd_translator_0/incr_cmd_0/axlen_cnt_reg[3]/C
                         clock pessimism             -0.035     1.242    
    SLICE_X40Y101        FDRE (Hold_fdre_C_D)         0.092     1.334    design_1_i/Processor_Interconnects/axi_interconnect_1/m03_couplers/auto_pc/inst/gen_axilite.gen_b2s_conv.axilite_b2s/WR.aw_channel_0/cmd_translator_0/incr_cmd_0/axlen_cnt_reg[3]
  -------------------------------------------------------------------
                         required time                         -1.334    
                         arrival time                           1.376    
  -------------------------------------------------------------------
                         slack                                  0.042    

Slack (MET) :             0.054ns  (arrival time - required time)
  Source:                 design_1_i/system_reset/U0/EXT_LPF/lpf_int_reg/C
                            (rising edge-triggered cell FDRE clocked by clk_fpga_0  {rise@0.000ns fall@5.000ns period=10.000ns})
  Destination:            design_1_i/system_reset/U0/SEQ/Core_reg/S
                            (rising edge-triggered cell FDSE clocked by clk_fpga_0  {rise@0.000ns fall@5.000ns period=10.000ns})
  Path Group:             clk_fpga_0
  Path Type:              Hold (Min at Fast Process Corner)
  Requirement:            0.000ns  (clk_fpga_0 rise@0.000ns - clk_fpga_0 rise@0.000ns)
  Data Path Delay:        0.303ns  (logic 0.141ns (46.542%)  route 0.162ns (53.458%))
  Logic Levels:           0  
  Clock Path Skew:        0.267ns (DCD - SCD - CPR)
    Destination Clock Delay (DCD):    1.275ns
    Source Clock Delay      (SCD):    0.969ns
    Clock Pessimism Removal (CPR):    0.039ns

    Location             Delay type                Incr(ns)  Path(ns)    Netlist Resource(s)
  -------------------------------------------------------------------    -------------------
                         (clock clk_fpga_0 rise edge)
                                                      0.000     0.000 r  
    PS7_X0Y0             PS7                          0.000     0.000 r  design_1_i/processing_system7_0/inst/PS7_i/FCLKCLK[0]
                         net (fo=1, routed)           0.310     0.310    design_1_i/processing_system7_0/inst/FCLK_CLK_unbuffered[0]
    BUFGCTRL_X0Y16       BUFG (Prop_bufg_I_O)         0.026     0.336 r  design_1_i/processing_system7_0/inst/buffer_fclk_clk_0.FCLK_CLK_0_BUFG/O
                         net (fo=5152, routed)        0.633     0.969    design_1_i/system_reset/U0/EXT_LPF/slowest_sync_clk
    SLICE_X51Y107        FDRE                                         r  design_1_i/system_reset/U0/EXT_LPF/lpf_int_reg/C
  -------------------------------------------------------------------    -------------------
    SLICE_X51Y107        FDRE (Prop_fdre_C_Q)         0.141     1.110 r  design_1_i/system_reset/U0/EXT_LPF/lpf_int_reg/Q
                         net (fo=4, routed)           0.162     1.272    design_1_i/system_reset/U0/SEQ/lpf_int
    SLICE_X48Y108        FDSE                                         r  design_1_i/system_reset/U0/SEQ/Core_reg/S
  -------------------------------------------------------------------    -------------------

                         (clock clk_fpga_0 rise edge)
                                                      0.000     0.000 r  
    PS7_X0Y0             PS7                          0.000     0.000 r  design_1_i/processing_system7_0/inst/PS7_i/FCLKCLK[0]
                         net (fo=1, routed)           0.337     0.337    design_1_i/processing_system7_0/inst/FCLK_CLK_unbuffered[0]
    BUFGCTRL_X0Y16       BUFG (Prop_bufg_I_O)         0.029     0.366 r  design_1_i/processing_system7_0/inst/buffer_fclk_clk_0.FCLK_CLK_0_BUFG/O
                         net (fo=5152, routed)        0.909     1.275    design_1_i/system_reset/U0/SEQ/slowest_sync_clk
    SLICE_X48Y108        FDSE                                         r  design_1_i/system_reset/U0/SEQ/Core_reg/C
                         clock pessimism             -0.039     1.236    
    SLICE_X48Y108        FDSE (Hold_fdse_C_S)        -0.018     1.218    design_1_i/system_reset/U0/SEQ/Core_reg
  -------------------------------------------------------------------
                         required time                         -1.218    
                         arrival time                           1.272    
  -------------------------------------------------------------------
                         slack                                  0.054    

Slack (MET) :             0.054ns  (arrival time - required time)
  Source:                 design_1_i/system_reset/U0/EXT_LPF/lpf_int_reg/C
                            (rising edge-triggered cell FDRE clocked by clk_fpga_0  {rise@0.000ns fall@5.000ns period=10.000ns})
  Destination:            design_1_i/system_reset/U0/SEQ/from_sys_reg/S
                            (rising edge-triggered cell FDSE clocked by clk_fpga_0  {rise@0.000ns fall@5.000ns period=10.000ns})
  Path Group:             clk_fpga_0
  Path Type:              Hold (Min at Fast Process Corner)
  Requirement:            0.000ns  (clk_fpga_0 rise@0.000ns - clk_fpga_0 rise@0.000ns)
  Data Path Delay:        0.303ns  (logic 0.141ns (46.542%)  route 0.162ns (53.458%))
  Logic Levels:           0  
  Clock Path Skew:        0.267ns (DCD - SCD - CPR)
    Destination Clock Delay (DCD):    1.275ns
    Source Clock Delay      (SCD):    0.969ns
    Clock Pessimism Removal (CPR):    0.039ns

    Location             Delay type                Incr(ns)  Path(ns)    Netlist Resource(s)
  -------------------------------------------------------------------    -------------------
                         (clock clk_fpga_0 rise edge)
                                                      0.000     0.000 r  
    PS7_X0Y0             PS7                          0.000     0.000 r  design_1_i/processing_system7_0/inst/PS7_i/FCLKCLK[0]
                         net (fo=1, routed)           0.310     0.310    design_1_i/processing_system7_0/inst/FCLK_CLK_unbuffered[0]
    BUFGCTRL_X0Y16       BUFG (Prop_bufg_I_O)         0.026     0.336 r  design_1_i/processing_system7_0/inst/buffer_fclk_clk_0.FCLK_CLK_0_BUFG/O
                         net (fo=5152, routed)        0.633     0.969    design_1_i/system_reset/U0/EXT_LPF/slowest_sync_clk
    SLICE_X51Y107        FDRE                                         r  design_1_i/system_reset/U0/EXT_LPF/lpf_int_reg/C
  -------------------------------------------------------------------    -------------------
    SLICE_X51Y107        FDRE (Prop_fdre_C_Q)         0.141     1.110 r  design_1_i/system_reset/U0/EXT_LPF/lpf_int_reg/Q
                         net (fo=4, routed)           0.162     1.272    design_1_i/system_reset/U0/SEQ/lpf_int
    SLICE_X48Y108        FDSE                                         r  design_1_i/system_reset/U0/SEQ/from_sys_reg/S
  -------------------------------------------------------------------    -------------------

                         (clock clk_fpga_0 rise edge)
                                                      0.000     0.000 r  
    PS7_X0Y0             PS7                          0.000     0.000 r  design_1_i/processing_system7_0/inst/PS7_i/FCLKCLK[0]
                         net (fo=1, routed)           0.337     0.337    design_1_i/processing_system7_0/inst/FCLK_CLK_unbuffered[0]
    BUFGCTRL_X0Y16       BUFG (Prop_bufg_I_O)         0.029     0.366 r  design_1_i/processing_system7_0/inst/buffer_fclk_clk_0.FCLK_CLK_0_BUFG/O
                         net (fo=5152, routed)        0.909     1.275    design_1_i/system_reset/U0/SEQ/slowest_sync_clk
    SLICE_X48Y108        FDSE                                         r  design_1_i/system_reset/U0/SEQ/from_sys_reg/C
                         clock pessimism             -0.039     1.236    
    SLICE_X48Y108        FDSE (Hold_fdse_C_S)        -0.018     1.218    design_1_i/system_reset/U0/SEQ/from_sys_reg
  -------------------------------------------------------------------
                         required time                         -1.218    
                         arrival time                           1.272    
  -------------------------------------------------------------------
                         slack                                  0.054    

Slack (MET) :             0.054ns  (arrival time - required time)
  Source:                 design_1_i/system_reset/U0/EXT_LPF/lpf_int_reg/C
                            (rising edge-triggered cell FDRE clocked by clk_fpga_0  {rise@0.000ns fall@5.000ns period=10.000ns})
  Destination:            design_1_i/system_reset/U0/SEQ/pr_reg/S
                            (rising edge-triggered cell FDSE clocked by clk_fpga_0  {rise@0.000ns fall@5.000ns period=10.000ns})
  Path Group:             clk_fpga_0
  Path Type:              Hold (Min at Fast Process Corner)
  Requirement:            0.000ns  (clk_fpga_0 rise@0.000ns - clk_fpga_0 rise@0.000ns)
  Data Path Delay:        0.303ns  (logic 0.141ns (46.542%)  route 0.162ns (53.458%))
  Logic Levels:           0  
  Clock Path Skew:        0.267ns (DCD - SCD - CPR)
    Destination Clock Delay (DCD):    1.275ns
    Source Clock Delay      (SCD):    0.969ns
    Clock Pessimism Removal (CPR):    0.039ns

    Location             Delay type                Incr(ns)  Path(ns)    Netlist Resource(s)
  -------------------------------------------------------------------    -------------------
                         (clock clk_fpga_0 rise edge)
                                                      0.000     0.000 r  
    PS7_X0Y0             PS7                          0.000     0.000 r  design_1_i/processing_system7_0/inst/PS7_i/FCLKCLK[0]
                         net (fo=1, routed)           0.310     0.310    design_1_i/processing_system7_0/inst/FCLK_CLK_unbuffered[0]
    BUFGCTRL_X0Y16       BUFG (Prop_bufg_I_O)         0.026     0.336 r  design_1_i/processing_system7_0/inst/buffer_fclk_clk_0.FCLK_CLK_0_BUFG/O
                         net (fo=5152, routed)        0.633     0.969    design_1_i/system_reset/U0/EXT_LPF/slowest_sync_clk
    SLICE_X51Y107        FDRE                                         r  design_1_i/system_reset/U0/EXT_LPF/lpf_int_reg/C
  -------------------------------------------------------------------    -------------------
    SLICE_X51Y107        FDRE (Prop_fdre_C_Q)         0.141     1.110 r  design_1_i/system_reset/U0/EXT_LPF/lpf_int_reg/Q
                         net (fo=4, routed)           0.162     1.272    design_1_i/system_reset/U0/SEQ/lpf_int
    SLICE_X48Y108        FDSE                                         r  design_1_i/system_reset/U0/SEQ/pr_reg/S
  -------------------------------------------------------------------    -------------------

                         (clock clk_fpga_0 rise edge)
                                                      0.000     0.000 r  
    PS7_X0Y0             PS7                          0.000     0.000 r  design_1_i/processing_system7_0/inst/PS7_i/FCLKCLK[0]
                         net (fo=1, routed)           0.337     0.337    design_1_i/processing_system7_0/inst/FCLK_CLK_unbuffered[0]
    BUFGCTRL_X0Y16       BUFG (Prop_bufg_I_O)         0.029     0.366 r  design_1_i/processing_system7_0/inst/buffer_fclk_clk_0.FCLK_CLK_0_BUFG/O
                         net (fo=5152, routed)        0.909     1.275    design_1_i/system_reset/U0/SEQ/slowest_sync_clk
    SLICE_X48Y108        FDSE                                         r  design_1_i/system_reset/U0/SEQ/pr_reg/C
                         clock pessimism             -0.039     1.236    
    SLICE_X48Y108        FDSE (Hold_fdse_C_S)        -0.018     1.218    design_1_i/system_reset/U0/SEQ/pr_reg
  -------------------------------------------------------------------
                         required time                         -1.218    
                         arrival time                           1.272    
  -------------------------------------------------------------------
                         slack                                  0.054    

Slack (MET) :             0.054ns  (arrival time - required time)
  Source:                 design_1_i/system_reset/U0/EXT_LPF/lpf_int_reg/C
                            (rising edge-triggered cell FDRE clocked by clk_fpga_0  {rise@0.000ns fall@5.000ns period=10.000ns})
  Destination:            design_1_i/system_reset/U0/SEQ/seq_clr_reg/R
                            (rising edge-triggered cell FDRE clocked by clk_fpga_0  {rise@0.000ns fall@5.000ns period=10.000ns})
  Path Group:             clk_fpga_0
  Path Type:              Hold (Min at Fast Process Corner)
  Requirement:            0.000ns  (clk_fpga_0 rise@0.000ns - clk_fpga_0 rise@0.000ns)
  Data Path Delay:        0.303ns  (logic 0.141ns (46.542%)  route 0.162ns (53.458%))
  Logic Levels:           0  
  Clock Path Skew:        0.267ns (DCD - SCD - CPR)
    Destination Clock Delay (DCD):    1.275ns
    Source Clock Delay      (SCD):    0.969ns
    Clock Pessimism Removal (CPR):    0.039ns

    Location             Delay type                Incr(ns)  Path(ns)    Netlist Resource(s)
  -------------------------------------------------------------------    -------------------
                         (clock clk_fpga_0 rise edge)
                                                      0.000     0.000 r  
    PS7_X0Y0             PS7                          0.000     0.000 r  design_1_i/processing_system7_0/inst/PS7_i/FCLKCLK[0]
                         net (fo=1, routed)           0.310     0.310    design_1_i/processing_system7_0/inst/FCLK_CLK_unbuffered[0]
    BUFGCTRL_X0Y16       BUFG (Prop_bufg_I_O)         0.026     0.336 r  design_1_i/processing_system7_0/inst/buffer_fclk_clk_0.FCLK_CLK_0_BUFG/O
                         net (fo=5152, routed)        0.633     0.969    design_1_i/system_reset/U0/EXT_LPF/slowest_sync_clk
    SLICE_X51Y107        FDRE                                         r  design_1_i/system_reset/U0/EXT_LPF/lpf_int_reg/C
  -------------------------------------------------------------------    -------------------
    SLICE_X51Y107        FDRE (Prop_fdre_C_Q)         0.141     1.110 r  design_1_i/system_reset/U0/EXT_LPF/lpf_int_reg/Q
                         net (fo=4, routed)           0.162     1.272    design_1_i/system_reset/U0/SEQ/lpf_int
    SLICE_X48Y108        FDRE                                         r  design_1_i/system_reset/U0/SEQ/seq_clr_reg/R
  -------------------------------------------------------------------    -------------------

                         (clock clk_fpga_0 rise edge)
                                                      0.000     0.000 r  
    PS7_X0Y0             PS7                          0.000     0.000 r  design_1_i/processing_system7_0/inst/PS7_i/FCLKCLK[0]
                         net (fo=1, routed)           0.337     0.337    design_1_i/processing_system7_0/inst/FCLK_CLK_unbuffered[0]
    BUFGCTRL_X0Y16       BUFG (Prop_bufg_I_O)         0.029     0.366 r  design_1_i/processing_system7_0/inst/buffer_fclk_clk_0.FCLK_CLK_0_BUFG/O
                         net (fo=5152, routed)        0.909     1.275    design_1_i/system_reset/U0/SEQ/slowest_sync_clk
    SLICE_X48Y108        FDRE                                         r  design_1_i/system_reset/U0/SEQ/seq_clr_reg/C
                         clock pessimism             -0.039     1.236    
    SLICE_X48Y108        FDRE (Hold_fdre_C_R)        -0.018     1.218    design_1_i/system_reset/U0/SEQ/seq_clr_reg
  -------------------------------------------------------------------
                         required time                         -1.218    
                         arrival time                           1.272    
  -------------------------------------------------------------------
                         slack                                  0.054    

Slack (MET) :             0.059ns  (arrival time - required time)
  Source:                 design_1_i/Processor_Interconnects/axi_interconnect_1/m02_couplers/auto_pc/inst/gen_axilite.gen_b2s_conv.axilite_b2s/WR.b_channel_0/s_bresp_acc_reg[1]/C
                            (rising edge-triggered cell FDRE clocked by clk_fpga_0  {rise@0.000ns fall@5.000ns period=10.000ns})
  Destination:            design_1_i/Processor_Interconnects/axi_interconnect_1/m02_couplers/auto_pc/inst/gen_axilite.gen_b2s_conv.axilite_b2s/WR.b_channel_0/bresp_fifo_0/memory_reg[3][1]_srl4/D
                            (rising edge-triggered cell SRL16E clocked by clk_fpga_0  {rise@0.000ns fall@5.000ns period=10.000ns})
  Path Group:             clk_fpga_0
  Path Type:              Hold (Min at Fast Process Corner)
  Requirement:            0.000ns  (clk_fpga_0 rise@0.000ns - clk_fpga_0 rise@0.000ns)
  Data Path Delay:        0.348ns  (logic 0.164ns (47.063%)  route 0.184ns (52.937%))
  Logic Levels:           0  
  Clock Path Skew:        0.181ns (DCD - SCD - CPR)
    Destination Clock Delay (DCD):    1.191ns
    Source Clock Delay      (SCD):    0.975ns
    Clock Pessimism Removal (CPR):    0.035ns

    Location             Delay type                Incr(ns)  Path(ns)    Netlist Resource(s)
  -------------------------------------------------------------------    -------------------
                         (clock clk_fpga_0 rise edge)
                                                      0.000     0.000 r  
    PS7_X0Y0             PS7                          0.000     0.000 r  design_1_i/processing_system7_0/inst/PS7_i/FCLKCLK[0]
                         net (fo=1, routed)           0.310     0.310    design_1_i/processing_system7_0/inst/FCLK_CLK_unbuffered[0]
    BUFGCTRL_X0Y16       BUFG (Prop_bufg_I_O)         0.026     0.336 r  design_1_i/processing_system7_0/inst/buffer_fclk_clk_0.FCLK_CLK_0_BUFG/O
                         net (fo=5152, routed)        0.639     0.975    design_1_i/Processor_Interconnects/axi_interconnect_1/m02_couplers/auto_pc/inst/gen_axilite.gen_b2s_conv.axilite_b2s/WR.b_channel_0/aclk
    SLICE_X46Y100        FDRE                                         r  design_1_i/Processor_Interconnects/axi_interconnect_1/m02_couplers/auto_pc/inst/gen_axilite.gen_b2s_conv.axilite_b2s/WR.b_channel_0/s_bresp_acc_reg[1]/C
  -------------------------------------------------------------------    -------------------
    SLICE_X46Y100        FDRE (Prop_fdre_C_Q)         0.164     1.139 r  design_1_i/Processor_Interconnects/axi_interconnect_1/m02_couplers/auto_pc/inst/gen_axilite.gen_b2s_conv.axilite_b2s/WR.b_channel_0/s_bresp_acc_reg[1]/Q
                         net (fo=2, routed)           0.184     1.323    design_1_i/Processor_Interconnects/axi_interconnect_1/m02_couplers/auto_pc/inst/gen_axilite.gen_b2s_conv.axilite_b2s/WR.b_channel_0/bresp_fifo_0/in[1]
    SLICE_X46Y99         SRL16E                                       r  design_1_i/Processor_Interconnects/axi_interconnect_1/m02_couplers/auto_pc/inst/gen_axilite.gen_b2s_conv.axilite_b2s/WR.b_channel_0/bresp_fifo_0/memory_reg[3][1]_srl4/D
  -------------------------------------------------------------------    -------------------

                         (clock clk_fpga_0 rise edge)
                                                      0.000     0.000 r  
    PS7_X0Y0             PS7                          0.000     0.000 r  design_1_i/processing_system7_0/inst/PS7_i/FCLKCLK[0]
                         net (fo=1, routed)           0.337     0.337    design_1_i/processing_system7_0/inst/FCLK_CLK_unbuffered[0]
    BUFGCTRL_X0Y16       BUFG (Prop_bufg_I_O)         0.029     0.366 r  design_1_i/processing_system7_0/inst/buffer_fclk_clk_0.FCLK_CLK_0_BUFG/O
                         net (fo=5152, routed)        0.825     1.191    design_1_i/Processor_Interconnects/axi_interconnect_1/m02_couplers/auto_pc/inst/gen_axilite.gen_b2s_conv.axilite_b2s/WR.b_channel_0/bresp_fifo_0/aclk
    SLICE_X46Y99         SRL16E                                       r  design_1_i/Processor_Interconnects/axi_interconnect_1/m02_couplers/auto_pc/inst/gen_axilite.gen_b2s_conv.axilite_b2s/WR.b_channel_0/bresp_fifo_0/memory_reg[3][1]_srl4/CLK
                         clock pessimism             -0.035     1.156    
    SLICE_X46Y99         SRL16E (Hold_srl16e_CLK_D)
                                                      0.109     1.265    design_1_i/Processor_Interconnects/axi_interconnect_1/m02_couplers/auto_pc/inst/gen_axilite.gen_b2s_conv.axilite_b2s/WR.b_channel_0/bresp_fifo_0/memory_reg[3][1]_srl4
  -------------------------------------------------------------------
                         required time                         -1.265    
                         arrival time                           1.323    
  -------------------------------------------------------------------
                         slack                                  0.059    

Slack (MET) :             0.059ns  (arrival time - required time)
  Source:                 design_1_i/picorv32_processor/picorv32_0/inst/reg_out_reg[2]/C
                            (rising edge-triggered cell FDRE clocked by clk_fpga_0  {rise@0.000ns fall@5.000ns period=10.000ns})
  Destination:            design_1_i/picorv32_processor/picorv32_0/inst/mem_addr_reg[2]/D
                            (rising edge-triggered cell FDRE clocked by clk_fpga_0  {rise@0.000ns fall@5.000ns period=10.000ns})
  Path Group:             clk_fpga_0
  Path Type:              Hold (Min at Fast Process Corner)
  Requirement:            0.000ns  (clk_fpga_0 rise@0.000ns - clk_fpga_0 rise@0.000ns)
  Data Path Delay:        0.415ns  (logic 0.186ns (44.824%)  route 0.229ns (55.176%))
  Logic Levels:           1  (LUT6=1)
  Clock Path Skew:        0.265ns (DCD - SCD - CPR)
    Destination Clock Delay (DCD):    1.186ns
    Source Clock Delay      (SCD):    0.886ns
    Clock Pessimism Removal (CPR):    0.035ns

    Location             Delay type                Incr(ns)  Path(ns)    Netlist Resource(s)
  -------------------------------------------------------------------    -------------------
                         (clock clk_fpga_0 rise edge)
                                                      0.000     0.000 r  
    PS7_X0Y0             PS7                          0.000     0.000 r  design_1_i/processing_system7_0/inst/PS7_i/FCLKCLK[0]
                         net (fo=1, routed)           0.310     0.310    design_1_i/processing_system7_0/inst/FCLK_CLK_unbuffered[0]
    BUFGCTRL_X0Y16       BUFG (Prop_bufg_I_O)         0.026     0.336 r  design_1_i/processing_system7_0/inst/buffer_fclk_clk_0.FCLK_CLK_0_BUFG/O
                         net (fo=5152, routed)        0.550     0.886    design_1_i/picorv32_processor/picorv32_0/inst/clk
    SLICE_X52Y61         FDRE                                         r  design_1_i/picorv32_processor/picorv32_0/inst/reg_out_reg[2]/C
  -------------------------------------------------------------------    -------------------
    SLICE_X52Y61         FDRE (Prop_fdre_C_Q)         0.141     1.027 r  design_1_i/picorv32_processor/picorv32_0/inst/reg_out_reg[2]/Q
                         net (fo=3, routed)           0.229     1.256    design_1_i/picorv32_processor/picorv32_0/inst/reg_out_reg_n_0_[2]
    SLICE_X44Y62         LUT6 (Prop_lut6_I3_O)        0.045     1.301 r  design_1_i/picorv32_processor/picorv32_0/inst/mem_addr[2]_i_1/O
                         net (fo=1, routed)           0.000     1.301    design_1_i/picorv32_processor/picorv32_0/inst/mem_la_addr[2]
    SLICE_X44Y62         FDRE                                         r  design_1_i/picorv32_processor/picorv32_0/inst/mem_addr_reg[2]/D
  -------------------------------------------------------------------    -------------------

                         (clock clk_fpga_0 rise edge)
                                                      0.000     0.000 r  
    PS7_X0Y0             PS7                          0.000     0.000 r  design_1_i/processing_system7_0/inst/PS7_i/FCLKCLK[0]
                         net (fo=1, routed)           0.337     0.337    design_1_i/processing_system7_0/inst/FCLK_CLK_unbuffered[0]
    BUFGCTRL_X0Y16       BUFG (Prop_bufg_I_O)         0.029     0.366 r  design_1_i/processing_system7_0/inst/buffer_fclk_clk_0.FCLK_CLK_0_BUFG/O
                         net (fo=5152, routed)        0.820     1.186    design_1_i/picorv32_processor/picorv32_0/inst/clk
    SLICE_X44Y62         FDRE                                         r  design_1_i/picorv32_processor/picorv32_0/inst/mem_addr_reg[2]/C
                         clock pessimism             -0.035     1.151    
    SLICE_X44Y62         FDRE (Hold_fdre_C_D)         0.091     1.242    design_1_i/picorv32_processor/picorv32_0/inst/mem_addr_reg[2]
  -------------------------------------------------------------------
                         required time                         -1.242    
                         arrival time                           1.301    
  -------------------------------------------------------------------
                         slack                                  0.059    





Pulse Width Checks
--------------------------------------------------------------------------------------
Clock Name:         clk_fpga_0
Waveform(ns):       { 0.000 5.000 }
Period(ns):         10.000
Sources:            { design_1_i/processing_system7_0/inst/PS7_i/FCLKCLK[0] }

Check Type        Corner  Lib Pin             Reference Pin  Required(ns)  Actual(ns)  Slack(ns)  Location      Pin
Min Period        n/a     RAMB36E1/CLKARDCLK  n/a            2.576         10.000      7.424      RAMB36_X2Y8   design_1_i/memory_block/Data/U0/inst_blk_mem_gen/gnbram.gnativebmg.native_blk_mem_gen/valid.cstr/ramloop[0].ram.r/prim_noinit.ram/DEVICE_7SERIES.NO_BMM_INFO.TRUE_DP.SIMPLE_PRIM36.ram/CLKARDCLK
Min Period        n/a     RAMB36E1/CLKBWRCLK  n/a            2.576         10.000      7.424      RAMB36_X2Y8   design_1_i/memory_block/Data/U0/inst_blk_mem_gen/gnbram.gnativebmg.native_blk_mem_gen/valid.cstr/ramloop[0].ram.r/prim_noinit.ram/DEVICE_7SERIES.NO_BMM_INFO.TRUE_DP.SIMPLE_PRIM36.ram/CLKBWRCLK
Min Period        n/a     RAMB36E1/CLKARDCLK  n/a            2.576         10.000      7.424      RAMB36_X2Y4   design_1_i/memory_block/Data/U0/inst_blk_mem_gen/gnbram.gnativebmg.native_blk_mem_gen/valid.cstr/ramloop[10].ram.r/prim_noinit.ram/DEVICE_7SERIES.NO_BMM_INFO.TRUE_DP.SIMPLE_PRIM36.ram/CLKARDCLK
Min Period        n/a     RAMB36E1/CLKBWRCLK  n/a            2.576         10.000      7.424      RAMB36_X2Y4   design_1_i/memory_block/Data/U0/inst_blk_mem_gen/gnbram.gnativebmg.native_blk_mem_gen/valid.cstr/ramloop[10].ram.r/prim_noinit.ram/DEVICE_7SERIES.NO_BMM_INFO.TRUE_DP.SIMPLE_PRIM36.ram/CLKBWRCLK
Min Period        n/a     RAMB36E1/CLKARDCLK  n/a            2.576         10.000      7.424      RAMB36_X1Y5   design_1_i/memory_block/Data/U0/inst_blk_mem_gen/gnbram.gnativebmg.native_blk_mem_gen/valid.cstr/ramloop[11].ram.r/prim_noinit.ram/DEVICE_7SERIES.NO_BMM_INFO.TRUE_DP.SIMPLE_PRIM36.ram/CLKARDCLK
Min Period        n/a     RAMB36E1/CLKBWRCLK  n/a            2.576         10.000      7.424      RAMB36_X1Y5   design_1_i/memory_block/Data/U0/inst_blk_mem_gen/gnbram.gnativebmg.native_blk_mem_gen/valid.cstr/ramloop[11].ram.r/prim_noinit.ram/DEVICE_7SERIES.NO_BMM_INFO.TRUE_DP.SIMPLE_PRIM36.ram/CLKBWRCLK
Min Period        n/a     RAMB36E1/CLKARDCLK  n/a            2.576         10.000      7.424      RAMB36_X1Y6   design_1_i/memory_block/Data/U0/inst_blk_mem_gen/gnbram.gnativebmg.native_blk_mem_gen/valid.cstr/ramloop[12].ram.r/prim_noinit.ram/DEVICE_7SERIES.NO_BMM_INFO.TRUE_DP.SIMPLE_PRIM36.ram/CLKARDCLK
Min Period        n/a     RAMB36E1/CLKBWRCLK  n/a            2.576         10.000      7.424      RAMB36_X1Y6   design_1_i/memory_block/Data/U0/inst_blk_mem_gen/gnbram.gnativebmg.native_blk_mem_gen/valid.cstr/ramloop[12].ram.r/prim_noinit.ram/DEVICE_7SERIES.NO_BMM_INFO.TRUE_DP.SIMPLE_PRIM36.ram/CLKBWRCLK
Min Period        n/a     RAMB36E1/CLKARDCLK  n/a            2.576         10.000      7.424      RAMB36_X4Y7   design_1_i/memory_block/Data/U0/inst_blk_mem_gen/gnbram.gnativebmg.native_blk_mem_gen/valid.cstr/ramloop[13].ram.r/prim_noinit.ram/DEVICE_7SERIES.NO_BMM_INFO.TRUE_DP.SIMPLE_PRIM36.ram/CLKARDCLK
Min Period        n/a     RAMB36E1/CLKBWRCLK  n/a            2.576         10.000      7.424      RAMB36_X4Y7   design_1_i/memory_block/Data/U0/inst_blk_mem_gen/gnbram.gnativebmg.native_blk_mem_gen/valid.cstr/ramloop[13].ram.r/prim_noinit.ram/DEVICE_7SERIES.NO_BMM_INFO.TRUE_DP.SIMPLE_PRIM36.ram/CLKBWRCLK
Low Pulse Width   Slow    RAMD32/CLK          n/a            1.250         5.000       3.750      SLICE_X38Y65  design_1_i/picorv32_processor/picorv32_0/inst/cpuregs_reg_r1_0_31_0_5/RAMA/CLK
Low Pulse Width   Fast    RAMD32/CLK          n/a            1.250         5.000       3.750      SLICE_X38Y65  design_1_i/picorv32_processor/picorv32_0/inst/cpuregs_reg_r1_0_31_0_5/RAMA/CLK
Low Pulse Width   Slow    RAMD32/CLK          n/a            1.250         5.000       3.750      SLICE_X38Y65  design_1_i/picorv32_processor/picorv32_0/inst/cpuregs_reg_r1_0_31_0_5/RAMA_D1/CLK
Low Pulse Width   Fast    RAMD32/CLK          n/a            1.250         5.000       3.750      SLICE_X38Y65  design_1_i/picorv32_processor/picorv32_0/inst/cpuregs_reg_r1_0_31_0_5/RAMA_D1/CLK
Low Pulse Width   Slow    RAMD32/CLK          n/a            1.250         5.000       3.750      SLICE_X38Y65  design_1_i/picorv32_processor/picorv32_0/inst/cpuregs_reg_r1_0_31_0_5/RAMB/CLK
Low Pulse Width   Fast    RAMD32/CLK          n/a            1.250         5.000       3.750      SLICE_X38Y65  design_1_i/picorv32_processor/picorv32_0/inst/cpuregs_reg_r1_0_31_0_5/RAMB/CLK
Low Pulse Width   Slow    RAMD32/CLK          n/a            1.250         5.000       3.750      SLICE_X38Y65  design_1_i/picorv32_processor/picorv32_0/inst/cpuregs_reg_r1_0_31_0_5/RAMB_D1/CLK
Low Pulse Width   Fast    RAMD32/CLK          n/a            1.250         5.000       3.750      SLICE_X38Y65  design_1_i/picorv32_processor/picorv32_0/inst/cpuregs_reg_r1_0_31_0_5/RAMB_D1/CLK
Low Pulse Width   Slow    RAMD32/CLK          n/a            1.250         5.000       3.750      SLICE_X38Y65  design_1_i/picorv32_processor/picorv32_0/inst/cpuregs_reg_r1_0_31_0_5/RAMC/CLK
Low Pulse Width   Fast    RAMD32/CLK          n/a            1.250         5.000       3.750      SLICE_X38Y65  design_1_i/picorv32_processor/picorv32_0/inst/cpuregs_reg_r1_0_31_0_5/RAMC/CLK
High Pulse Width  Slow    RAMD32/CLK          n/a            1.250         5.000       3.750      SLICE_X38Y65  design_1_i/picorv32_processor/picorv32_0/inst/cpuregs_reg_r1_0_31_0_5/RAMA/CLK
High Pulse Width  Fast    RAMD32/CLK          n/a            1.250         5.000       3.750      SLICE_X38Y65  design_1_i/picorv32_processor/picorv32_0/inst/cpuregs_reg_r1_0_31_0_5/RAMA/CLK
High Pulse Width  Slow    RAMD32/CLK          n/a            1.250         5.000       3.750      SLICE_X38Y65  design_1_i/picorv32_processor/picorv32_0/inst/cpuregs_reg_r1_0_31_0_5/RAMA_D1/CLK
High Pulse Width  Fast    RAMD32/CLK          n/a            1.250         5.000       3.750      SLICE_X38Y65  design_1_i/picorv32_processor/picorv32_0/inst/cpuregs_reg_r1_0_31_0_5/RAMA_D1/CLK
High Pulse Width  Slow    RAMD32/CLK          n/a            1.250         5.000       3.750      SLICE_X38Y65  design_1_i/picorv32_processor/picorv32_0/inst/cpuregs_reg_r1_0_31_0_5/RAMB/CLK
High Pulse Width  Fast    RAMD32/CLK          n/a            1.250         5.000       3.750      SLICE_X38Y65  design_1_i/picorv32_processor/picorv32_0/inst/cpuregs_reg_r1_0_31_0_5/RAMB/CLK
High Pulse Width  Slow    RAMD32/CLK          n/a            1.250         5.000       3.750      SLICE_X38Y65  design_1_i/picorv32_processor/picorv32_0/inst/cpuregs_reg_r1_0_31_0_5/RAMB_D1/CLK
High Pulse Width  Fast    RAMD32/CLK          n/a            1.250         5.000       3.750      SLICE_X38Y65  design_1_i/picorv32_processor/picorv32_0/inst/cpuregs_reg_r1_0_31_0_5/RAMB_D1/CLK
High Pulse Width  Slow    RAMD32/CLK          n/a            1.250         5.000       3.750      SLICE_X38Y65  design_1_i/picorv32_processor/picorv32_0/inst/cpuregs_reg_r1_0_31_0_5/RAMC/CLK
High Pulse Width  Fast    RAMD32/CLK          n/a            1.250         5.000       3.750      SLICE_X38Y65  design_1_i/picorv32_processor/picorv32_0/inst/cpuregs_reg_r1_0_31_0_5/RAMC/CLK



--------------------------------------------------------------------------------------
Path Group:  (none)
From Clock:  
  To Clock:  clk_fpga_0

Max Delay             1 Endpoint
Min Delay             1 Endpoint
--------------------------------------------------------------------------------------


Max Delay Paths
--------------------------------------------------------------------------------------
Slack:                    inf
  Source:                 design_1_i/processing_system7_0/inst/PS7_i/FCLKRESETN[0]
                            (internal pin)
  Destination:            design_1_i/system_reset/U0/EXT_LPF/ACTIVE_LOW_EXT.ACT_LO_EXT/GENERATE_LEVEL_P_S_CDC.SINGLE_BIT.CROSS_PLEVEL_IN2SCNDRY_IN_cdc_to/D
                            (rising edge-triggered cell FDRE clocked by clk_fpga_0  {rise@0.000ns fall@5.000ns period=10.000ns})
  Path Group:             (none)
  Path Type:              Setup (Max at Slow Process Corner)
  Data Path Delay:        2.799ns  (logic 0.124ns (4.429%)  route 2.675ns (95.571%))
  Logic Levels:           1  (LUT1=1)
  Clock Uncertainty:      0.152ns  ((TSJ^2 + TIJ^2)^1/2 + DJ) / 2 + PE
    Total System Jitter     (TSJ):    0.050ns
    Total Input Jitter      (TIJ):    0.300ns
    Discrete Jitter          (DJ):    0.000ns
    Phase Error              (PE):    0.000ns
  Timing Exception:       False Path

    Location             Delay type                Incr(ns)  Path(ns)    Netlist Resource(s)
  -------------------------------------------------------------------    -------------------
    PS7_X0Y0             PS7                          0.000     0.000 f  design_1_i/processing_system7_0/inst/PS7_i/FCLKRESETN[0]
                         net (fo=1, routed)           2.034     2.034    design_1_i/system_reset/U0/EXT_LPF/ACTIVE_LOW_EXT.ACT_LO_EXT/ext_reset_in
    SLICE_X46Y102        LUT1 (Prop_lut1_I0_O)        0.124     2.158 r  design_1_i/system_reset/U0/EXT_LPF/ACTIVE_LOW_EXT.ACT_LO_EXT/GENERATE_LEVEL_P_S_CDC.SINGLE_BIT.CROSS_PLEVEL_IN2SCNDRY_IN_cdc_to_i_1/O
                         net (fo=1, routed)           0.642     2.799    design_1_i/system_reset/U0/EXT_LPF/ACTIVE_LOW_EXT.ACT_LO_EXT/exr_d1
    SLICE_X50Y106        FDRE                                         r  design_1_i/system_reset/U0/EXT_LPF/ACTIVE_LOW_EXT.ACT_LO_EXT/GENERATE_LEVEL_P_S_CDC.SINGLE_BIT.CROSS_PLEVEL_IN2SCNDRY_IN_cdc_to/D
  -------------------------------------------------------------------    -------------------

                         (clock clk_fpga_0 rise edge)
                                                      0.000     0.000 r  
    PS7_X0Y0             PS7                          0.000     0.000 r  design_1_i/processing_system7_0/inst/PS7_i/FCLKCLK[0]
                         net (fo=1, routed)           1.088     1.088    design_1_i/processing_system7_0/inst/FCLK_CLK_unbuffered[0]
    BUFGCTRL_X0Y16       BUFG (Prop_bufg_I_O)         0.091     1.179 r  design_1_i/processing_system7_0/inst/buffer_fclk_clk_0.FCLK_CLK_0_BUFG/O
                         net (fo=5152, routed)        1.640     2.819    design_1_i/system_reset/U0/EXT_LPF/ACTIVE_LOW_EXT.ACT_LO_EXT/slowest_sync_clk
    SLICE_X50Y106        FDRE                                         r  design_1_i/system_reset/U0/EXT_LPF/ACTIVE_LOW_EXT.ACT_LO_EXT/GENERATE_LEVEL_P_S_CDC.SINGLE_BIT.CROSS_PLEVEL_IN2SCNDRY_IN_cdc_to/C





Min Delay Paths
--------------------------------------------------------------------------------------
Slack:                    inf
  Source:                 design_1_i/processing_system7_0/inst/PS7_i/FCLKRESETN[0]
                            (internal pin)
  Destination:            design_1_i/system_reset/U0/EXT_LPF/ACTIVE_LOW_EXT.ACT_LO_EXT/GENERATE_LEVEL_P_S_CDC.SINGLE_BIT.CROSS_PLEVEL_IN2SCNDRY_IN_cdc_to/D
                            (rising edge-triggered cell FDRE clocked by clk_fpga_0  {rise@0.000ns fall@5.000ns period=10.000ns})
  Path Group:             (none)
  Path Type:              Hold (Min at Fast Process Corner)
  Data Path Delay:        1.106ns  (logic 0.045ns (4.067%)  route 1.061ns (95.933%))
  Logic Levels:           1  (LUT1=1)
  Clock Uncertainty:      0.152ns  ((TSJ^2 + TIJ^2)^1/2 + DJ) / 2 + PE
    Total System Jitter     (TSJ):    0.050ns
    Total Input Jitter      (TIJ):    0.300ns
    Discrete Jitter          (DJ):    0.000ns
    Phase Error              (PE):    0.000ns
  Timing Exception:       False Path

    Location             Delay type                Incr(ns)  Path(ns)    Netlist Resource(s)
  -------------------------------------------------------------------    -------------------
    PS7_X0Y0             PS7                          0.000     0.000 f  design_1_i/processing_system7_0/inst/PS7_i/FCLKRESETN[0]
                         net (fo=1, routed)           0.818     0.818    design_1_i/system_reset/U0/EXT_LPF/ACTIVE_LOW_EXT.ACT_LO_EXT/ext_reset_in
    SLICE_X46Y102        LUT1 (Prop_lut1_I0_O)        0.045     0.863 r  design_1_i/system_reset/U0/EXT_LPF/ACTIVE_LOW_EXT.ACT_LO_EXT/GENERATE_LEVEL_P_S_CDC.SINGLE_BIT.CROSS_PLEVEL_IN2SCNDRY_IN_cdc_to_i_1/O
                         net (fo=1, routed)           0.244     1.106    design_1_i/system_reset/U0/EXT_LPF/ACTIVE_LOW_EXT.ACT_LO_EXT/exr_d1
    SLICE_X50Y106        FDRE                                         r  design_1_i/system_reset/U0/EXT_LPF/ACTIVE_LOW_EXT.ACT_LO_EXT/GENERATE_LEVEL_P_S_CDC.SINGLE_BIT.CROSS_PLEVEL_IN2SCNDRY_IN_cdc_to/D
  -------------------------------------------------------------------    -------------------

                         (clock clk_fpga_0 rise edge)
                                                      0.000     0.000 r  
    PS7_X0Y0             PS7                          0.000     0.000 r  design_1_i/processing_system7_0/inst/PS7_i/FCLKCLK[0]
                         net (fo=1, routed)           0.337     0.337    design_1_i/processing_system7_0/inst/FCLK_CLK_unbuffered[0]
    BUFGCTRL_X0Y16       BUFG (Prop_bufg_I_O)         0.029     0.366 r  design_1_i/processing_system7_0/inst/buffer_fclk_clk_0.FCLK_CLK_0_BUFG/O
                         net (fo=5152, routed)        0.906     1.272    design_1_i/system_reset/U0/EXT_LPF/ACTIVE_LOW_EXT.ACT_LO_EXT/slowest_sync_clk
    SLICE_X50Y106        FDRE                                         r  design_1_i/system_reset/U0/EXT_LPF/ACTIVE_LOW_EXT.ACT_LO_EXT/GENERATE_LEVEL_P_S_CDC.SINGLE_BIT.CROSS_PLEVEL_IN2SCNDRY_IN_cdc_to/C





--------------------------------------------------------------------------------------
Path Group:  (none)
From Clock:  clk_fpga_0
  To Clock:  clk_fpga_0

Max Delay             2 Endpoints
Min Delay             2 Endpoints
--------------------------------------------------------------------------------------


Max Delay Paths
--------------------------------------------------------------------------------------
Slack:                    inf
  Source:                 design_1_i/picorv32_processor/picorv32_0/inst/trap_reg/C
                            (rising edge-triggered cell FDRE clocked by clk_fpga_0  {rise@0.000ns fall@5.000ns period=10.000ns})
  Destination:            design_1_i/Processor_Interconnects/inp_pico_trap/U0/gpio_core_1/Not_Dual.INPUT_DOUBLE_REGS3/GENERATE_LEVEL_P_S_CDC.MULTI_BIT.FOR_IN_cdc_to[0].CROSS2_PLEVEL_IN2SCNDRY_IN_cdc_to/D
                            (rising edge-triggered cell FDRE clocked by clk_fpga_0  {rise@0.000ns fall@5.000ns period=10.000ns})
  Path Group:             (none)
  Path Type:              Setup (Max at Slow Process Corner)
  Data Path Delay:        1.972ns  (logic 0.456ns (23.119%)  route 1.516ns (76.881%))
  Logic Levels:           0  
  Clock Path Skew:        -0.302ns (DCD - SCD + CPR)
    Destination Clock Delay (DCD):    2.630ns
    Source Clock Delay      (SCD):    2.932ns
    Clock Pessimism Removal (CPR):    0.000ns
  Clock Uncertainty:      0.154ns  ((TSJ^2 + TIJ^2)^1/2 + DJ) / 2 + PE
    Total System Jitter     (TSJ):    0.071ns
    Total Input Jitter      (TIJ):    0.300ns
    Discrete Jitter          (DJ):    0.000ns
    Phase Error              (PE):    0.000ns
  Timing Exception:       False Path

    Location             Delay type                Incr(ns)  Path(ns)    Netlist Resource(s)
  -------------------------------------------------------------------    -------------------
                         (clock clk_fpga_0 rise edge)
                                                      0.000     0.000 r  
    PS7_X0Y0             PS7                          0.000     0.000 r  design_1_i/processing_system7_0/inst/PS7_i/FCLKCLK[0]
                         net (fo=1, routed)           1.193     1.193    design_1_i/processing_system7_0/inst/FCLK_CLK_unbuffered[0]
    BUFGCTRL_X0Y16       BUFG (Prop_bufg_I_O)         0.101     1.294 r  design_1_i/processing_system7_0/inst/buffer_fclk_clk_0.FCLK_CLK_0_BUFG/O
                         net (fo=5152, routed)        1.638     2.932    design_1_i/picorv32_processor/picorv32_0/inst/clk
    SLICE_X35Y71         FDRE                                         r  design_1_i/picorv32_processor/picorv32_0/inst/trap_reg/C
  -------------------------------------------------------------------    -------------------
    SLICE_X35Y71         FDRE (Prop_fdre_C_Q)         0.456     3.388 r  design_1_i/picorv32_processor/picorv32_0/inst/trap_reg/Q
                         net (fo=7, routed)           1.516     4.904    design_1_i/Processor_Interconnects/inp_pico_trap/U0/gpio_core_1/Not_Dual.INPUT_DOUBLE_REGS3/gpio_io_i[0]
    SLICE_X50Y73         FDRE                                         r  design_1_i/Processor_Interconnects/inp_pico_trap/U0/gpio_core_1/Not_Dual.INPUT_DOUBLE_REGS3/GENERATE_LEVEL_P_S_CDC.MULTI_BIT.FOR_IN_cdc_to[0].CROSS2_PLEVEL_IN2SCNDRY_IN_cdc_to/D
  -------------------------------------------------------------------    -------------------

                         (clock clk_fpga_0 rise edge)
                                                      0.000     0.000 r  
    PS7_X0Y0             PS7                          0.000     0.000 r  design_1_i/processing_system7_0/inst/PS7_i/FCLKCLK[0]
                         net (fo=1, routed)           1.088     1.088    design_1_i/processing_system7_0/inst/FCLK_CLK_unbuffered[0]
    BUFGCTRL_X0Y16       BUFG (Prop_bufg_I_O)         0.091     1.179 r  design_1_i/processing_system7_0/inst/buffer_fclk_clk_0.FCLK_CLK_0_BUFG/O
                         net (fo=5152, routed)        1.451     2.630    design_1_i/Processor_Interconnects/inp_pico_trap/U0/gpio_core_1/Not_Dual.INPUT_DOUBLE_REGS3/s_axi_aclk
    SLICE_X50Y73         FDRE                                         r  design_1_i/Processor_Interconnects/inp_pico_trap/U0/gpio_core_1/Not_Dual.INPUT_DOUBLE_REGS3/GENERATE_LEVEL_P_S_CDC.MULTI_BIT.FOR_IN_cdc_to[0].CROSS2_PLEVEL_IN2SCNDRY_IN_cdc_to/C

Slack:                    inf
  Source:                 design_1_i/riscv_reset/U0/gpio_core_1/Not_Dual.gpio_Data_Out_reg[0]/C
                            (rising edge-triggered cell FDRE clocked by clk_fpga_0  {rise@0.000ns fall@5.000ns period=10.000ns})
  Destination:            design_1_i/picorv32_reset/U0/EXT_LPF/ACTIVE_LOW_EXT.ACT_LO_EXT/GENERATE_LEVEL_P_S_CDC.SINGLE_BIT.CROSS_PLEVEL_IN2SCNDRY_IN_cdc_to/D
                            (rising edge-triggered cell FDRE clocked by clk_fpga_0  {rise@0.000ns fall@5.000ns period=10.000ns})
  Path Group:             (none)
  Path Type:              Setup (Max at Slow Process Corner)
  Data Path Delay:        1.674ns  (logic 0.580ns (34.638%)  route 1.094ns (65.362%))
  Logic Levels:           1  (LUT1=1)
  Clock Path Skew:        -0.052ns (DCD - SCD + CPR)
    Destination Clock Delay (DCD):    2.891ns
    Source Clock Delay      (SCD):    2.943ns
    Clock Pessimism Removal (CPR):    0.000ns
  Clock Uncertainty:      0.154ns  ((TSJ^2 + TIJ^2)^1/2 + DJ) / 2 + PE
    Total System Jitter     (TSJ):    0.071ns
    Total Input Jitter      (TIJ):    0.300ns
    Discrete Jitter          (DJ):    0.000ns
    Phase Error              (PE):    0.000ns
  Timing Exception:       False Path

    Location             Delay type                Incr(ns)  Path(ns)    Netlist Resource(s)
  -------------------------------------------------------------------    -------------------
                         (clock clk_fpga_0 rise edge)
                                                      0.000     0.000 r  
    PS7_X0Y0             PS7                          0.000     0.000 r  design_1_i/processing_system7_0/inst/PS7_i/FCLKCLK[0]
                         net (fo=1, routed)           1.193     1.193    design_1_i/processing_system7_0/inst/FCLK_CLK_unbuffered[0]
    BUFGCTRL_X0Y16       BUFG (Prop_bufg_I_O)         0.101     1.294 r  design_1_i/processing_system7_0/inst/buffer_fclk_clk_0.FCLK_CLK_0_BUFG/O
                         net (fo=5152, routed)        1.649     2.943    design_1_i/riscv_reset/U0/gpio_core_1/s_axi_aclk
    SLICE_X48Y92         FDRE                                         r  design_1_i/riscv_reset/U0/gpio_core_1/Not_Dual.gpio_Data_Out_reg[0]/C
  -------------------------------------------------------------------    -------------------
    SLICE_X48Y92         FDRE (Prop_fdre_C_Q)         0.456     3.399 f  design_1_i/riscv_reset/U0/gpio_core_1/Not_Dual.gpio_Data_Out_reg[0]/Q
                         net (fo=3, routed)           1.094     4.493    design_1_i/picorv32_reset/U0/EXT_LPF/ACTIVE_LOW_EXT.ACT_LO_EXT/ext_reset_in
    SLICE_X57Y100        LUT1 (Prop_lut1_I0_O)        0.124     4.617 r  design_1_i/picorv32_reset/U0/EXT_LPF/ACTIVE_LOW_EXT.ACT_LO_EXT/GENERATE_LEVEL_P_S_CDC.SINGLE_BIT.CROSS_PLEVEL_IN2SCNDRY_IN_cdc_to_i_1/O
                         net (fo=1, routed)           0.000     4.617    design_1_i/picorv32_reset/U0/EXT_LPF/ACTIVE_LOW_EXT.ACT_LO_EXT/exr_d1
    SLICE_X57Y100        FDRE                                         r  design_1_i/picorv32_reset/U0/EXT_LPF/ACTIVE_LOW_EXT.ACT_LO_EXT/GENERATE_LEVEL_P_S_CDC.SINGLE_BIT.CROSS_PLEVEL_IN2SCNDRY_IN_cdc_to/D
  -------------------------------------------------------------------    -------------------

                         (clock clk_fpga_0 rise edge)
                                                      0.000     0.000 r  
    PS7_X0Y0             PS7                          0.000     0.000 r  design_1_i/processing_system7_0/inst/PS7_i/FCLKCLK[0]
                         net (fo=1, routed)           1.088     1.088    design_1_i/processing_system7_0/inst/FCLK_CLK_unbuffered[0]
    BUFGCTRL_X0Y16       BUFG (Prop_bufg_I_O)         0.091     1.179 r  design_1_i/processing_system7_0/inst/buffer_fclk_clk_0.FCLK_CLK_0_BUFG/O
                         net (fo=5152, routed)        1.712     2.891    design_1_i/picorv32_reset/U0/EXT_LPF/ACTIVE_LOW_EXT.ACT_LO_EXT/slowest_sync_clk
    SLICE_X57Y100        FDRE                                         r  design_1_i/picorv32_reset/U0/EXT_LPF/ACTIVE_LOW_EXT.ACT_LO_EXT/GENERATE_LEVEL_P_S_CDC.SINGLE_BIT.CROSS_PLEVEL_IN2SCNDRY_IN_cdc_to/C





Min Delay Paths
--------------------------------------------------------------------------------------
Slack:                    inf
  Source:                 design_1_i/riscv_reset/U0/gpio_core_1/Not_Dual.gpio_Data_Out_reg[0]/C
                            (rising edge-triggered cell FDRE clocked by clk_fpga_0  {rise@0.000ns fall@5.000ns period=10.000ns})
  Destination:            design_1_i/picorv32_reset/U0/EXT_LPF/ACTIVE_LOW_EXT.ACT_LO_EXT/GENERATE_LEVEL_P_S_CDC.SINGLE_BIT.CROSS_PLEVEL_IN2SCNDRY_IN_cdc_to/D
                            (rising edge-triggered cell FDRE clocked by clk_fpga_0  {rise@0.000ns fall@5.000ns period=10.000ns})
  Path Group:             (none)
  Path Type:              Hold (Min at Fast Process Corner)
  Data Path Delay:        0.665ns  (logic 0.186ns (27.951%)  route 0.479ns (72.049%))
  Logic Levels:           1  (LUT1=1)
  Clock Path Skew:        0.410ns (DCD - SCD - CPR)
    Destination Clock Delay (DCD):    1.300ns
    Source Clock Delay      (SCD):    0.890ns
    Clock Pessimism Removal (CPR):    -0.000ns
  Clock Uncertainty:      0.154ns  ((TSJ^2 + TIJ^2)^1/2 + DJ) / 2 + PE
    Total System Jitter     (TSJ):    0.071ns
    Total Input Jitter      (TIJ):    0.300ns
    Discrete Jitter          (DJ):    0.000ns
    Phase Error              (PE):    0.000ns
  Timing Exception:       False Path

    Location             Delay type                Incr(ns)  Path(ns)    Netlist Resource(s)
  -------------------------------------------------------------------    -------------------
                         (clock clk_fpga_0 rise edge)
                                                      0.000     0.000 r  
    PS7_X0Y0             PS7                          0.000     0.000 r  design_1_i/processing_system7_0/inst/PS7_i/FCLKCLK[0]
                         net (fo=1, routed)           0.310     0.310    design_1_i/processing_system7_0/inst/FCLK_CLK_unbuffered[0]
    BUFGCTRL_X0Y16       BUFG (Prop_bufg_I_O)         0.026     0.336 r  design_1_i/processing_system7_0/inst/buffer_fclk_clk_0.FCLK_CLK_0_BUFG/O
                         net (fo=5152, routed)        0.554     0.890    design_1_i/riscv_reset/U0/gpio_core_1/s_axi_aclk
    SLICE_X48Y92         FDRE                                         r  design_1_i/riscv_reset/U0/gpio_core_1/Not_Dual.gpio_Data_Out_reg[0]/C
  -------------------------------------------------------------------    -------------------
    SLICE_X48Y92         FDRE (Prop_fdre_C_Q)         0.141     1.031 f  design_1_i/riscv_reset/U0/gpio_core_1/Not_Dual.gpio_Data_Out_reg[0]/Q
                         net (fo=3, routed)           0.479     1.510    design_1_i/picorv32_reset/U0/EXT_LPF/ACTIVE_LOW_EXT.ACT_LO_EXT/ext_reset_in
    SLICE_X57Y100        LUT1 (Prop_lut1_I0_O)        0.045     1.555 r  design_1_i/picorv32_reset/U0/EXT_LPF/ACTIVE_LOW_EXT.ACT_LO_EXT/GENERATE_LEVEL_P_S_CDC.SINGLE_BIT.CROSS_PLEVEL_IN2SCNDRY_IN_cdc_to_i_1/O
                         net (fo=1, routed)           0.000     1.555    design_1_i/picorv32_reset/U0/EXT_LPF/ACTIVE_LOW_EXT.ACT_LO_EXT/exr_d1
    SLICE_X57Y100        FDRE                                         r  design_1_i/picorv32_reset/U0/EXT_LPF/ACTIVE_LOW_EXT.ACT_LO_EXT/GENERATE_LEVEL_P_S_CDC.SINGLE_BIT.CROSS_PLEVEL_IN2SCNDRY_IN_cdc_to/D
  -------------------------------------------------------------------    -------------------

                         (clock clk_fpga_0 rise edge)
                                                      0.000     0.000 r  
    PS7_X0Y0             PS7                          0.000     0.000 r  design_1_i/processing_system7_0/inst/PS7_i/FCLKCLK[0]
                         net (fo=1, routed)           0.337     0.337    design_1_i/processing_system7_0/inst/FCLK_CLK_unbuffered[0]
    BUFGCTRL_X0Y16       BUFG (Prop_bufg_I_O)         0.029     0.366 r  design_1_i/processing_system7_0/inst/buffer_fclk_clk_0.FCLK_CLK_0_BUFG/O
                         net (fo=5152, routed)        0.934     1.300    design_1_i/picorv32_reset/U0/EXT_LPF/ACTIVE_LOW_EXT.ACT_LO_EXT/slowest_sync_clk
    SLICE_X57Y100        FDRE                                         r  design_1_i/picorv32_reset/U0/EXT_LPF/ACTIVE_LOW_EXT.ACT_LO_EXT/GENERATE_LEVEL_P_S_CDC.SINGLE_BIT.CROSS_PLEVEL_IN2SCNDRY_IN_cdc_to/C

Slack:                    inf
  Source:                 design_1_i/picorv32_processor/picorv32_0/inst/trap_reg/C
                            (rising edge-triggered cell FDRE clocked by clk_fpga_0  {rise@0.000ns fall@5.000ns period=10.000ns})
  Destination:            design_1_i/Processor_Interconnects/inp_pico_trap/U0/gpio_core_1/Not_Dual.INPUT_DOUBLE_REGS3/GENERATE_LEVEL_P_S_CDC.MULTI_BIT.FOR_IN_cdc_to[0].CROSS2_PLEVEL_IN2SCNDRY_IN_cdc_to/D
                            (rising edge-triggered cell FDRE clocked by clk_fpga_0  {rise@0.000ns fall@5.000ns period=10.000ns})
  Path Group:             (none)
  Path Type:              Hold (Min at Fast Process Corner)
  Data Path Delay:        0.806ns  (logic 0.141ns (17.484%)  route 0.665ns (82.516%))
  Logic Levels:           0  
  Clock Path Skew:        0.287ns (DCD - SCD - CPR)
    Destination Clock Delay (DCD):    1.171ns
    Source Clock Delay      (SCD):    0.884ns
    Clock Pessimism Removal (CPR):    -0.000ns
  Clock Uncertainty:      0.154ns  ((TSJ^2 + TIJ^2)^1/2 + DJ) / 2 + PE
    Total System Jitter     (TSJ):    0.071ns
    Total Input Jitter      (TIJ):    0.300ns
    Discrete Jitter          (DJ):    0.000ns
    Phase Error              (PE):    0.000ns
  Timing Exception:       False Path

    Location             Delay type                Incr(ns)  Path(ns)    Netlist Resource(s)
  -------------------------------------------------------------------    -------------------
                         (clock clk_fpga_0 rise edge)
                                                      0.000     0.000 r  
    PS7_X0Y0             PS7                          0.000     0.000 r  design_1_i/processing_system7_0/inst/PS7_i/FCLKCLK[0]
                         net (fo=1, routed)           0.310     0.310    design_1_i/processing_system7_0/inst/FCLK_CLK_unbuffered[0]
    BUFGCTRL_X0Y16       BUFG (Prop_bufg_I_O)         0.026     0.336 r  design_1_i/processing_system7_0/inst/buffer_fclk_clk_0.FCLK_CLK_0_BUFG/O
                         net (fo=5152, routed)        0.548     0.884    design_1_i/picorv32_processor/picorv32_0/inst/clk
    SLICE_X35Y71         FDRE                                         r  design_1_i/picorv32_processor/picorv32_0/inst/trap_reg/C
  -------------------------------------------------------------------    -------------------
    SLICE_X35Y71         FDRE (Prop_fdre_C_Q)         0.141     1.025 r  design_1_i/picorv32_processor/picorv32_0/inst/trap_reg/Q
                         net (fo=7, routed)           0.665     1.690    design_1_i/Processor_Interconnects/inp_pico_trap/U0/gpio_core_1/Not_Dual.INPUT_DOUBLE_REGS3/gpio_io_i[0]
    SLICE_X50Y73         FDRE                                         r  design_1_i/Processor_Interconnects/inp_pico_trap/U0/gpio_core_1/Not_Dual.INPUT_DOUBLE_REGS3/GENERATE_LEVEL_P_S_CDC.MULTI_BIT.FOR_IN_cdc_to[0].CROSS2_PLEVEL_IN2SCNDRY_IN_cdc_to/D
  -------------------------------------------------------------------    -------------------

                         (clock clk_fpga_0 rise edge)
                                                      0.000     0.000 r  
    PS7_X0Y0             PS7                          0.000     0.000 r  design_1_i/processing_system7_0/inst/PS7_i/FCLKCLK[0]
                         net (fo=1, routed)           0.337     0.337    design_1_i/processing_system7_0/inst/FCLK_CLK_unbuffered[0]
    BUFGCTRL_X0Y16       BUFG (Prop_bufg_I_O)         0.029     0.366 r  design_1_i/processing_system7_0/inst/buffer_fclk_clk_0.FCLK_CLK_0_BUFG/O
                         net (fo=5152, routed)        0.805     1.171    design_1_i/Processor_Interconnects/inp_pico_trap/U0/gpio_core_1/Not_Dual.INPUT_DOUBLE_REGS3/s_axi_aclk
    SLICE_X50Y73         FDRE                                         r  design_1_i/Processor_Interconnects/inp_pico_trap/U0/gpio_core_1/Not_Dual.INPUT_DOUBLE_REGS3/GENERATE_LEVEL_P_S_CDC.MULTI_BIT.FOR_IN_cdc_to[0].CROSS2_PLEVEL_IN2SCNDRY_IN_cdc_to/C





--------------------------------------------------------------------------------------
Path Group:  (none)
From Clock:  clk_fpga_0
  To Clock:  

Max Delay             8 Endpoints
Min Delay             8 Endpoints
--------------------------------------------------------------------------------------


Max Delay Paths
--------------------------------------------------------------------------------------
Slack:                    inf
  Source:                 design_1_i/Processor_Interconnects/pico_led_RnM/U0/gpio_core_1/Not_Dual.gpio_Data_Out_reg[1]_lopt_replica/C
                            (rising edge-triggered cell FDRE clocked by clk_fpga_0  {rise@0.000ns fall@5.000ns period=10.000ns})
  Destination:            led[2]
                            (output port)
  Path Group:             (none)
  Path Type:              Max at Slow Process Corner
  Data Path Delay:        9.015ns  (logic 4.028ns (44.685%)  route 4.987ns (55.315%))
  Logic Levels:           1  (OBUF=1)
  Clock Uncertainty:      0.152ns  ((TSJ^2 + TIJ^2)^1/2 + DJ) / 2 + PE
    Total System Jitter     (TSJ):    0.050ns
    Total Input Jitter      (TIJ):    0.300ns
    Discrete Jitter          (DJ):    0.000ns
    Phase Error              (PE):    0.000ns

    Location             Delay type                Incr(ns)  Path(ns)    Netlist Resource(s)
  -------------------------------------------------------------------    -------------------
                         (clock clk_fpga_0 rise edge)
                                                      0.000     0.000 r  
    PS7_X0Y0             PS7                          0.000     0.000 r  design_1_i/processing_system7_0/inst/PS7_i/FCLKCLK[0]
                         net (fo=1, routed)           1.193     1.193    design_1_i/processing_system7_0/inst/FCLK_CLK_unbuffered[0]
    BUFGCTRL_X0Y16       BUFG (Prop_bufg_I_O)         0.101     1.294 r  design_1_i/processing_system7_0/inst/buffer_fclk_clk_0.FCLK_CLK_0_BUFG/O
                         net (fo=5152, routed)        1.650     2.944    design_1_i/Processor_Interconnects/pico_led_RnM/U0/gpio_core_1/s_axi_aclk
    SLICE_X43Y58         FDRE                                         r  design_1_i/Processor_Interconnects/pico_led_RnM/U0/gpio_core_1/Not_Dual.gpio_Data_Out_reg[1]_lopt_replica/C
  -------------------------------------------------------------------    -------------------
    SLICE_X43Y58         FDRE (Prop_fdre_C_Q)         0.456     3.400 r  design_1_i/Processor_Interconnects/pico_led_RnM/U0/gpio_core_1/Not_Dual.gpio_Data_Out_reg[1]_lopt_replica/Q
                         net (fo=1, routed)           4.987     8.387    lopt_3
    N16                  OBUF (Prop_obuf_I_O)         3.572    11.959 r  led_OBUF[2]_inst/O
                         net (fo=0)                   0.000    11.959    led[2]
    N16                                                               r  led[2] (OUT)
  -------------------------------------------------------------------    -------------------

Slack:                    inf
  Source:                 design_1_i/Processor_Interconnects/pico_led_RnM/U0/gpio_core_1/Not_Dual.gpio_Data_Out_reg[0]_lopt_replica/C
                            (rising edge-triggered cell FDRE clocked by clk_fpga_0  {rise@0.000ns fall@5.000ns period=10.000ns})
  Destination:            led[3]
                            (output port)
  Path Group:             (none)
  Path Type:              Max at Slow Process Corner
  Data Path Delay:        8.986ns  (logic 4.037ns (44.926%)  route 4.949ns (55.074%))
  Logic Levels:           1  (OBUF=1)
  Clock Uncertainty:      0.152ns  ((TSJ^2 + TIJ^2)^1/2 + DJ) / 2 + PE
    Total System Jitter     (TSJ):    0.050ns
    Total Input Jitter      (TIJ):    0.300ns
    Discrete Jitter          (DJ):    0.000ns
    Phase Error              (PE):    0.000ns

    Location             Delay type                Incr(ns)  Path(ns)    Netlist Resource(s)
  -------------------------------------------------------------------    -------------------
                         (clock clk_fpga_0 rise edge)
                                                      0.000     0.000 r  
    PS7_X0Y0             PS7                          0.000     0.000 r  design_1_i/processing_system7_0/inst/PS7_i/FCLKCLK[0]
                         net (fo=1, routed)           1.193     1.193    design_1_i/processing_system7_0/inst/FCLK_CLK_unbuffered[0]
    BUFGCTRL_X0Y16       BUFG (Prop_bufg_I_O)         0.101     1.294 r  design_1_i/processing_system7_0/inst/buffer_fclk_clk_0.FCLK_CLK_0_BUFG/O
                         net (fo=5152, routed)        1.650     2.944    design_1_i/Processor_Interconnects/pico_led_RnM/U0/gpio_core_1/s_axi_aclk
    SLICE_X43Y58         FDRE                                         r  design_1_i/Processor_Interconnects/pico_led_RnM/U0/gpio_core_1/Not_Dual.gpio_Data_Out_reg[0]_lopt_replica/C
  -------------------------------------------------------------------    -------------------
    SLICE_X43Y58         FDRE (Prop_fdre_C_Q)         0.456     3.400 r  design_1_i/Processor_Interconnects/pico_led_RnM/U0/gpio_core_1/Not_Dual.gpio_Data_Out_reg[0]_lopt_replica/Q
                         net (fo=1, routed)           4.949     8.349    lopt_4
    M14                  OBUF (Prop_obuf_I_O)         3.581    11.930 r  led_OBUF[3]_inst/O
                         net (fo=0)                   0.000    11.930    led[3]
    M14                                                               r  led[3] (OUT)
  -------------------------------------------------------------------    -------------------

Slack:                    inf
  Source:                 design_1_i/picorv32_processor/picorv32_0/inst/trap_reg_lopt_replica/C
                            (rising edge-triggered cell FDRE clocked by clk_fpga_0  {rise@0.000ns fall@5.000ns period=10.000ns})
  Destination:            led5_r
                            (output port)
  Path Group:             (none)
  Path Type:              Max at Slow Process Corner
  Data Path Delay:        8.783ns  (logic 4.039ns (45.986%)  route 4.744ns (54.014%))
  Logic Levels:           1  (OBUF=1)
  Clock Uncertainty:      0.152ns  ((TSJ^2 + TIJ^2)^1/2 + DJ) / 2 + PE
    Total System Jitter     (TSJ):    0.050ns
    Total Input Jitter      (TIJ):    0.300ns
    Discrete Jitter          (DJ):    0.000ns
    Phase Error              (PE):    0.000ns

    Location             Delay type                Incr(ns)  Path(ns)    Netlist Resource(s)
  -------------------------------------------------------------------    -------------------
                         (clock clk_fpga_0 rise edge)
                                                      0.000     0.000 r  
    PS7_X0Y0             PS7                          0.000     0.000 r  design_1_i/processing_system7_0/inst/PS7_i/FCLKCLK[0]
                         net (fo=1, routed)           1.193     1.193    design_1_i/processing_system7_0/inst/FCLK_CLK_unbuffered[0]
    BUFGCTRL_X0Y16       BUFG (Prop_bufg_I_O)         0.101     1.294 r  design_1_i/processing_system7_0/inst/buffer_fclk_clk_0.FCLK_CLK_0_BUFG/O
                         net (fo=5152, routed)        1.638     2.932    design_1_i/picorv32_processor/picorv32_0/inst/clk
    SLICE_X35Y71         FDRE                                         r  design_1_i/picorv32_processor/picorv32_0/inst/trap_reg_lopt_replica/C
  -------------------------------------------------------------------    -------------------
    SLICE_X35Y71         FDRE (Prop_fdre_C_Q)         0.456     3.388 r  design_1_i/picorv32_processor/picorv32_0/inst/trap_reg_lopt_replica/Q
                         net (fo=1, routed)           4.744     8.132    lopt
    M15                  OBUF (Prop_obuf_I_O)         3.583    11.715 r  led5_r_OBUF_inst/O
                         net (fo=0)                   0.000    11.715    led5_r
    M15                                                               r  led5_r (OUT)
  -------------------------------------------------------------------    -------------------

Slack:                    inf
  Source:                 design_1_i/Processor_Interconnects/pico_led_RnM/U0/gpio_core_1/Not_Dual.gpio_Data_Out_reg[2]_lopt_replica/C
                            (rising edge-triggered cell FDRE clocked by clk_fpga_0  {rise@0.000ns fall@5.000ns period=10.000ns})
  Destination:            led[1]
                            (output port)
  Path Group:             (none)
  Path Type:              Max at Slow Process Corner
  Data Path Delay:        8.547ns  (logic 4.013ns (46.954%)  route 4.534ns (53.046%))
  Logic Levels:           1  (OBUF=1)
  Clock Uncertainty:      0.152ns  ((TSJ^2 + TIJ^2)^1/2 + DJ) / 2 + PE
    Total System Jitter     (TSJ):    0.050ns
    Total Input Jitter      (TIJ):    0.300ns
    Discrete Jitter          (DJ):    0.000ns
    Phase Error              (PE):    0.000ns

    Location             Delay type                Incr(ns)  Path(ns)    Netlist Resource(s)
  -------------------------------------------------------------------    -------------------
                         (clock clk_fpga_0 rise edge)
                                                      0.000     0.000 r  
    PS7_X0Y0             PS7                          0.000     0.000 r  design_1_i/processing_system7_0/inst/PS7_i/FCLKCLK[0]
                         net (fo=1, routed)           1.193     1.193    design_1_i/processing_system7_0/inst/FCLK_CLK_unbuffered[0]
    BUFGCTRL_X0Y16       BUFG (Prop_bufg_I_O)         0.101     1.294 r  design_1_i/processing_system7_0/inst/buffer_fclk_clk_0.FCLK_CLK_0_BUFG/O
                         net (fo=5152, routed)        1.650     2.944    design_1_i/Processor_Interconnects/pico_led_RnM/U0/gpio_core_1/s_axi_aclk
    SLICE_X43Y58         FDRE                                         r  design_1_i/Processor_Interconnects/pico_led_RnM/U0/gpio_core_1/Not_Dual.gpio_Data_Out_reg[2]_lopt_replica/C
  -------------------------------------------------------------------    -------------------
    SLICE_X43Y58         FDRE (Prop_fdre_C_Q)         0.456     3.400 r  design_1_i/Processor_Interconnects/pico_led_RnM/U0/gpio_core_1/Not_Dual.gpio_Data_Out_reg[2]_lopt_replica/Q
                         net (fo=1, routed)           4.534     7.934    lopt_2
    P14                  OBUF (Prop_obuf_I_O)         3.557    11.491 r  led_OBUF[1]_inst/O
                         net (fo=0)                   0.000    11.491    led[1]
    P14                                                               r  led[1] (OUT)
  -------------------------------------------------------------------    -------------------

Slack:                    inf
  Source:                 design_1_i/Processor_Interconnects/pico_led_RnM/U0/gpio_core_1/Not_Dual.gpio_Data_Out_reg[3]_lopt_replica/C
                            (rising edge-triggered cell FDRE clocked by clk_fpga_0  {rise@0.000ns fall@5.000ns period=10.000ns})
  Destination:            led[0]
                            (output port)
  Path Group:             (none)
  Path Type:              Max at Slow Process Corner
  Data Path Delay:        8.201ns  (logic 3.986ns (48.601%)  route 4.215ns (51.399%))
  Logic Levels:           1  (OBUF=1)
  Clock Uncertainty:      0.152ns  ((TSJ^2 + TIJ^2)^1/2 + DJ) / 2 + PE
    Total System Jitter     (TSJ):    0.050ns
    Total Input Jitter      (TIJ):    0.300ns
    Discrete Jitter          (DJ):    0.000ns
    Phase Error              (PE):    0.000ns

    Location             Delay type                Incr(ns)  Path(ns)    Netlist Resource(s)
  -------------------------------------------------------------------    -------------------
                         (clock clk_fpga_0 rise edge)
                                                      0.000     0.000 r  
    PS7_X0Y0             PS7                          0.000     0.000 r  design_1_i/processing_system7_0/inst/PS7_i/FCLKCLK[0]
                         net (fo=1, routed)           1.193     1.193    design_1_i/processing_system7_0/inst/FCLK_CLK_unbuffered[0]
    BUFGCTRL_X0Y16       BUFG (Prop_bufg_I_O)         0.101     1.294 r  design_1_i/processing_system7_0/inst/buffer_fclk_clk_0.FCLK_CLK_0_BUFG/O
                         net (fo=5152, routed)        1.650     2.944    design_1_i/Processor_Interconnects/pico_led_RnM/U0/gpio_core_1/s_axi_aclk
    SLICE_X43Y58         FDRE                                         r  design_1_i/Processor_Interconnects/pico_led_RnM/U0/gpio_core_1/Not_Dual.gpio_Data_Out_reg[3]_lopt_replica/C
  -------------------------------------------------------------------    -------------------
    SLICE_X43Y58         FDRE (Prop_fdre_C_Q)         0.456     3.400 r  design_1_i/Processor_Interconnects/pico_led_RnM/U0/gpio_core_1/Not_Dual.gpio_Data_Out_reg[3]_lopt_replica/Q
                         net (fo=1, routed)           4.215     7.615    lopt_1
    R14                  OBUF (Prop_obuf_I_O)         3.530    11.145 r  led_OBUF[0]_inst/O
                         net (fo=0)                   0.000    11.145    led[0]
    R14                                                               r  led[0] (OUT)
  -------------------------------------------------------------------    -------------------

Slack:                    inf
  Source:                 design_1_i/Processor_Interconnects/zynq_rgb_led/U0/gpio_core_1/Not_Dual.gpio_Data_Out_reg[2]/C
                            (rising edge-triggered cell FDRE clocked by clk_fpga_0  {rise@0.000ns fall@5.000ns period=10.000ns})
  Destination:            rgb[0]
                            (output port)
  Path Group:             (none)
  Path Type:              Max at Slow Process Corner
  Data Path Delay:        7.890ns  (logic 4.031ns (51.091%)  route 3.859ns (48.909%))
  Logic Levels:           1  (OBUF=1)
  Clock Uncertainty:      0.152ns  ((TSJ^2 + TIJ^2)^1/2 + DJ) / 2 + PE
    Total System Jitter     (TSJ):    0.050ns
    Total Input Jitter      (TIJ):    0.300ns
    Discrete Jitter          (DJ):    0.000ns
    Phase Error              (PE):    0.000ns

    Location             Delay type                Incr(ns)  Path(ns)    Netlist Resource(s)
  -------------------------------------------------------------------    -------------------
                         (clock clk_fpga_0 rise edge)
                                                      0.000     0.000 r  
    PS7_X0Y0             PS7                          0.000     0.000 r  design_1_i/processing_system7_0/inst/PS7_i/FCLKCLK[0]
                         net (fo=1, routed)           1.193     1.193    design_1_i/processing_system7_0/inst/FCLK_CLK_unbuffered[0]
    BUFGCTRL_X0Y16       BUFG (Prop_bufg_I_O)         0.101     1.294 r  design_1_i/processing_system7_0/inst/buffer_fclk_clk_0.FCLK_CLK_0_BUFG/O
                         net (fo=5152, routed)        1.715     3.009    design_1_i/Processor_Interconnects/zynq_rgb_led/U0/gpio_core_1/s_axi_aclk
    SLICE_X61Y98         FDRE                                         r  design_1_i/Processor_Interconnects/zynq_rgb_led/U0/gpio_core_1/Not_Dual.gpio_Data_Out_reg[2]/C
  -------------------------------------------------------------------    -------------------
    SLICE_X61Y98         FDRE (Prop_fdre_C_Q)         0.456     3.465 r  design_1_i/Processor_Interconnects/zynq_rgb_led/U0/gpio_core_1/Not_Dual.gpio_Data_Out_reg[2]/Q
                         net (fo=3, routed)           3.859     7.324    rgb_OBUF[0]
    N15                  OBUF (Prop_obuf_I_O)         3.575    10.899 r  rgb_OBUF[0]_inst/O
                         net (fo=0)                   0.000    10.899    rgb[0]
    N15                                                               r  rgb[0] (OUT)
  -------------------------------------------------------------------    -------------------

Slack:                    inf
  Source:                 design_1_i/Processor_Interconnects/zynq_rgb_led/U0/gpio_core_1/Not_Dual.gpio_Data_Out_reg[0]/C
                            (rising edge-triggered cell FDRE clocked by clk_fpga_0  {rise@0.000ns fall@5.000ns period=10.000ns})
  Destination:            rgb[2]
                            (output port)
  Path Group:             (none)
  Path Type:              Max at Slow Process Corner
  Data Path Delay:        7.590ns  (logic 4.028ns (53.069%)  route 3.562ns (46.931%))
  Logic Levels:           1  (OBUF=1)
  Clock Uncertainty:      0.152ns  ((TSJ^2 + TIJ^2)^1/2 + DJ) / 2 + PE
    Total System Jitter     (TSJ):    0.050ns
    Total Input Jitter      (TIJ):    0.300ns
    Discrete Jitter          (DJ):    0.000ns
    Phase Error              (PE):    0.000ns

    Location             Delay type                Incr(ns)  Path(ns)    Netlist Resource(s)
  -------------------------------------------------------------------    -------------------
                         (clock clk_fpga_0 rise edge)
                                                      0.000     0.000 r  
    PS7_X0Y0             PS7                          0.000     0.000 r  design_1_i/processing_system7_0/inst/PS7_i/FCLKCLK[0]
                         net (fo=1, routed)           1.193     1.193    design_1_i/processing_system7_0/inst/FCLK_CLK_unbuffered[0]
    BUFGCTRL_X0Y16       BUFG (Prop_bufg_I_O)         0.101     1.294 r  design_1_i/processing_system7_0/inst/buffer_fclk_clk_0.FCLK_CLK_0_BUFG/O
                         net (fo=5152, routed)        1.715     3.009    design_1_i/Processor_Interconnects/zynq_rgb_led/U0/gpio_core_1/s_axi_aclk
    SLICE_X61Y98         FDRE                                         r  design_1_i/Processor_Interconnects/zynq_rgb_led/U0/gpio_core_1/Not_Dual.gpio_Data_Out_reg[0]/C
  -------------------------------------------------------------------    -------------------
    SLICE_X61Y98         FDRE (Prop_fdre_C_Q)         0.456     3.465 r  design_1_i/Processor_Interconnects/zynq_rgb_led/U0/gpio_core_1/Not_Dual.gpio_Data_Out_reg[0]/Q
                         net (fo=3, routed)           3.562     7.027    rgb_OBUF[2]
    L15                  OBUF (Prop_obuf_I_O)         3.572    10.599 r  rgb_OBUF[2]_inst/O
                         net (fo=0)                   0.000    10.599    rgb[2]
    L15                                                               r  rgb[2] (OUT)
  -------------------------------------------------------------------    -------------------

Slack:                    inf
  Source:                 design_1_i/Processor_Interconnects/zynq_rgb_led/U0/gpio_core_1/Not_Dual.gpio_Data_Out_reg[1]/C
                            (rising edge-triggered cell FDRE clocked by clk_fpga_0  {rise@0.000ns fall@5.000ns period=10.000ns})
  Destination:            rgb[1]
                            (output port)
  Path Group:             (none)
  Path Type:              Max at Slow Process Corner
  Data Path Delay:        7.527ns  (logic 3.969ns (52.726%)  route 3.559ns (47.274%))
  Logic Levels:           1  (OBUF=1)
  Clock Uncertainty:      0.152ns  ((TSJ^2 + TIJ^2)^1/2 + DJ) / 2 + PE
    Total System Jitter     (TSJ):    0.050ns
    Total Input Jitter      (TIJ):    0.300ns
    Discrete Jitter          (DJ):    0.000ns
    Phase Error              (PE):    0.000ns

    Location             Delay type                Incr(ns)  Path(ns)    Netlist Resource(s)
  -------------------------------------------------------------------    -------------------
                         (clock clk_fpga_0 rise edge)
                                                      0.000     0.000 r  
    PS7_X0Y0             PS7                          0.000     0.000 r  design_1_i/processing_system7_0/inst/PS7_i/FCLKCLK[0]
                         net (fo=1, routed)           1.193     1.193    design_1_i/processing_system7_0/inst/FCLK_CLK_unbuffered[0]
    BUFGCTRL_X0Y16       BUFG (Prop_bufg_I_O)         0.101     1.294 r  design_1_i/processing_system7_0/inst/buffer_fclk_clk_0.FCLK_CLK_0_BUFG/O
                         net (fo=5152, routed)        1.715     3.009    design_1_i/Processor_Interconnects/zynq_rgb_led/U0/gpio_core_1/s_axi_aclk
    SLICE_X61Y98         FDRE                                         r  design_1_i/Processor_Interconnects/zynq_rgb_led/U0/gpio_core_1/Not_Dual.gpio_Data_Out_reg[1]/C
  -------------------------------------------------------------------    -------------------
    SLICE_X61Y98         FDRE (Prop_fdre_C_Q)         0.456     3.465 r  design_1_i/Processor_Interconnects/zynq_rgb_led/U0/gpio_core_1/Not_Dual.gpio_Data_Out_reg[1]/Q
                         net (fo=3, routed)           3.559     7.024    rgb_OBUF[1]
    G17                  OBUF (Prop_obuf_I_O)         3.513    10.536 r  rgb_OBUF[1]_inst/O
                         net (fo=0)                   0.000    10.536    rgb[1]
    G17                                                               r  rgb[1] (OUT)
  -------------------------------------------------------------------    -------------------





Min Delay Paths
--------------------------------------------------------------------------------------
Slack:                    inf
  Source:                 design_1_i/Processor_Interconnects/zynq_rgb_led/U0/gpio_core_1/Not_Dual.gpio_Data_Out_reg[0]/C
                            (rising edge-triggered cell FDRE clocked by clk_fpga_0  {rise@0.000ns fall@5.000ns period=10.000ns})
  Destination:            rgb[2]
                            (output port)
  Path Group:             (none)
  Path Type:              Min at Fast Process Corner
  Data Path Delay:        2.591ns  (logic 1.414ns (54.562%)  route 1.177ns (45.438%))
  Logic Levels:           1  (OBUF=1)
  Clock Uncertainty:      0.152ns  ((TSJ^2 + TIJ^2)^1/2 + DJ) / 2 + PE
    Total System Jitter     (TSJ):    0.050ns
    Total Input Jitter      (TIJ):    0.300ns
    Discrete Jitter          (DJ):    0.000ns
    Phase Error              (PE):    0.000ns

    Location             Delay type                Incr(ns)  Path(ns)    Netlist Resource(s)
  -------------------------------------------------------------------    -------------------
                         (clock clk_fpga_0 rise edge)
                                                      0.000     0.000 r  
    PS7_X0Y0             PS7                          0.000     0.000 r  design_1_i/processing_system7_0/inst/PS7_i/FCLKCLK[0]
                         net (fo=1, routed)           0.310     0.310    design_1_i/processing_system7_0/inst/FCLK_CLK_unbuffered[0]
    BUFGCTRL_X0Y16       BUFG (Prop_bufg_I_O)         0.026     0.336 r  design_1_i/processing_system7_0/inst/buffer_fclk_clk_0.FCLK_CLK_0_BUFG/O
                         net (fo=5152, routed)        0.580     0.916    design_1_i/Processor_Interconnects/zynq_rgb_led/U0/gpio_core_1/s_axi_aclk
    SLICE_X61Y98         FDRE                                         r  design_1_i/Processor_Interconnects/zynq_rgb_led/U0/gpio_core_1/Not_Dual.gpio_Data_Out_reg[0]/C
  -------------------------------------------------------------------    -------------------
    SLICE_X61Y98         FDRE (Prop_fdre_C_Q)         0.141     1.057 r  design_1_i/Processor_Interconnects/zynq_rgb_led/U0/gpio_core_1/Not_Dual.gpio_Data_Out_reg[0]/Q
                         net (fo=3, routed)           1.177     2.234    rgb_OBUF[2]
    L15                  OBUF (Prop_obuf_I_O)         1.273     3.506 r  rgb_OBUF[2]_inst/O
                         net (fo=0)                   0.000     3.506    rgb[2]
    L15                                                               r  rgb[2] (OUT)
  -------------------------------------------------------------------    -------------------

Slack:                    inf
  Source:                 design_1_i/Processor_Interconnects/zynq_rgb_led/U0/gpio_core_1/Not_Dual.gpio_Data_Out_reg[1]/C
                            (rising edge-triggered cell FDRE clocked by clk_fpga_0  {rise@0.000ns fall@5.000ns period=10.000ns})
  Destination:            rgb[1]
                            (output port)
  Path Group:             (none)
  Path Type:              Min at Fast Process Corner
  Data Path Delay:        2.591ns  (logic 1.355ns (52.284%)  route 1.237ns (47.716%))
  Logic Levels:           1  (OBUF=1)
  Clock Uncertainty:      0.152ns  ((TSJ^2 + TIJ^2)^1/2 + DJ) / 2 + PE
    Total System Jitter     (TSJ):    0.050ns
    Total Input Jitter      (TIJ):    0.300ns
    Discrete Jitter          (DJ):    0.000ns
    Phase Error              (PE):    0.000ns

    Location             Delay type                Incr(ns)  Path(ns)    Netlist Resource(s)
  -------------------------------------------------------------------    -------------------
                         (clock clk_fpga_0 rise edge)
                                                      0.000     0.000 r  
    PS7_X0Y0             PS7                          0.000     0.000 r  design_1_i/processing_system7_0/inst/PS7_i/FCLKCLK[0]
                         net (fo=1, routed)           0.310     0.310    design_1_i/processing_system7_0/inst/FCLK_CLK_unbuffered[0]
    BUFGCTRL_X0Y16       BUFG (Prop_bufg_I_O)         0.026     0.336 r  design_1_i/processing_system7_0/inst/buffer_fclk_clk_0.FCLK_CLK_0_BUFG/O
                         net (fo=5152, routed)        0.580     0.916    design_1_i/Processor_Interconnects/zynq_rgb_led/U0/gpio_core_1/s_axi_aclk
    SLICE_X61Y98         FDRE                                         r  design_1_i/Processor_Interconnects/zynq_rgb_led/U0/gpio_core_1/Not_Dual.gpio_Data_Out_reg[1]/C
  -------------------------------------------------------------------    -------------------
    SLICE_X61Y98         FDRE (Prop_fdre_C_Q)         0.141     1.057 r  design_1_i/Processor_Interconnects/zynq_rgb_led/U0/gpio_core_1/Not_Dual.gpio_Data_Out_reg[1]/Q
                         net (fo=3, routed)           1.237     2.293    rgb_OBUF[1]
    G17                  OBUF (Prop_obuf_I_O)         1.214     3.507 r  rgb_OBUF[1]_inst/O
                         net (fo=0)                   0.000     3.507    rgb[1]
    G17                                                               r  rgb[1] (OUT)
  -------------------------------------------------------------------    -------------------

Slack:                    inf
  Source:                 design_1_i/Processor_Interconnects/zynq_rgb_led/U0/gpio_core_1/Not_Dual.gpio_Data_Out_reg[2]/C
                            (rising edge-triggered cell FDRE clocked by clk_fpga_0  {rise@0.000ns fall@5.000ns period=10.000ns})
  Destination:            rgb[0]
                            (output port)
  Path Group:             (none)
  Path Type:              Min at Fast Process Corner
  Data Path Delay:        2.754ns  (logic 1.416ns (51.428%)  route 1.338ns (48.572%))
  Logic Levels:           1  (OBUF=1)
  Clock Uncertainty:      0.152ns  ((TSJ^2 + TIJ^2)^1/2 + DJ) / 2 + PE
    Total System Jitter     (TSJ):    0.050ns
    Total Input Jitter      (TIJ):    0.300ns
    Discrete Jitter          (DJ):    0.000ns
    Phase Error              (PE):    0.000ns

    Location             Delay type                Incr(ns)  Path(ns)    Netlist Resource(s)
  -------------------------------------------------------------------    -------------------
                         (clock clk_fpga_0 rise edge)
                                                      0.000     0.000 r  
    PS7_X0Y0             PS7                          0.000     0.000 r  design_1_i/processing_system7_0/inst/PS7_i/FCLKCLK[0]
                         net (fo=1, routed)           0.310     0.310    design_1_i/processing_system7_0/inst/FCLK_CLK_unbuffered[0]
    BUFGCTRL_X0Y16       BUFG (Prop_bufg_I_O)         0.026     0.336 r  design_1_i/processing_system7_0/inst/buffer_fclk_clk_0.FCLK_CLK_0_BUFG/O
                         net (fo=5152, routed)        0.580     0.916    design_1_i/Processor_Interconnects/zynq_rgb_led/U0/gpio_core_1/s_axi_aclk
    SLICE_X61Y98         FDRE                                         r  design_1_i/Processor_Interconnects/zynq_rgb_led/U0/gpio_core_1/Not_Dual.gpio_Data_Out_reg[2]/C
  -------------------------------------------------------------------    -------------------
    SLICE_X61Y98         FDRE (Prop_fdre_C_Q)         0.141     1.057 r  design_1_i/Processor_Interconnects/zynq_rgb_led/U0/gpio_core_1/Not_Dual.gpio_Data_Out_reg[2]/Q
                         net (fo=3, routed)           1.338     2.394    rgb_OBUF[0]
    N15                  OBUF (Prop_obuf_I_O)         1.275     3.670 r  rgb_OBUF[0]_inst/O
                         net (fo=0)                   0.000     3.670    rgb[0]
    N15                                                               r  rgb[0] (OUT)
  -------------------------------------------------------------------    -------------------

Slack:                    inf
  Source:                 design_1_i/Processor_Interconnects/pico_led_RnM/U0/gpio_core_1/Not_Dual.gpio_Data_Out_reg[3]_lopt_replica/C
                            (rising edge-triggered cell FDRE clocked by clk_fpga_0  {rise@0.000ns fall@5.000ns period=10.000ns})
  Destination:            led[0]
                            (output port)
  Path Group:             (none)
  Path Type:              Min at Fast Process Corner
  Data Path Delay:        2.947ns  (logic 1.372ns (46.546%)  route 1.575ns (53.454%))
  Logic Levels:           1  (OBUF=1)
  Clock Uncertainty:      0.152ns  ((TSJ^2 + TIJ^2)^1/2 + DJ) / 2 + PE
    Total System Jitter     (TSJ):    0.050ns
    Total Input Jitter      (TIJ):    0.300ns
    Discrete Jitter          (DJ):    0.000ns
    Phase Error              (PE):    0.000ns

    Location             Delay type                Incr(ns)  Path(ns)    Netlist Resource(s)
  -------------------------------------------------------------------    -------------------
                         (clock clk_fpga_0 rise edge)
                                                      0.000     0.000 r  
    PS7_X0Y0             PS7                          0.000     0.000 r  design_1_i/processing_system7_0/inst/PS7_i/FCLKCLK[0]
                         net (fo=1, routed)           0.310     0.310    design_1_i/processing_system7_0/inst/FCLK_CLK_unbuffered[0]
    BUFGCTRL_X0Y16       BUFG (Prop_bufg_I_O)         0.026     0.336 r  design_1_i/processing_system7_0/inst/buffer_fclk_clk_0.FCLK_CLK_0_BUFG/O
                         net (fo=5152, routed)        0.555     0.891    design_1_i/Processor_Interconnects/pico_led_RnM/U0/gpio_core_1/s_axi_aclk
    SLICE_X43Y58         FDRE                                         r  design_1_i/Processor_Interconnects/pico_led_RnM/U0/gpio_core_1/Not_Dual.gpio_Data_Out_reg[3]_lopt_replica/C
  -------------------------------------------------------------------    -------------------
    SLICE_X43Y58         FDRE (Prop_fdre_C_Q)         0.141     1.032 r  design_1_i/Processor_Interconnects/pico_led_RnM/U0/gpio_core_1/Not_Dual.gpio_Data_Out_reg[3]_lopt_replica/Q
                         net (fo=1, routed)           1.575     2.607    lopt_1
    R14                  OBUF (Prop_obuf_I_O)         1.231     3.838 r  led_OBUF[0]_inst/O
                         net (fo=0)                   0.000     3.838    led[0]
    R14                                                               r  led[0] (OUT)
  -------------------------------------------------------------------    -------------------

Slack:                    inf
  Source:                 design_1_i/Processor_Interconnects/pico_led_RnM/U0/gpio_core_1/Not_Dual.gpio_Data_Out_reg[2]_lopt_replica/C
                            (rising edge-triggered cell FDRE clocked by clk_fpga_0  {rise@0.000ns fall@5.000ns period=10.000ns})
  Destination:            led[1]
                            (output port)
  Path Group:             (none)
  Path Type:              Min at Fast Process Corner
  Data Path Delay:        3.162ns  (logic 1.399ns (44.243%)  route 1.763ns (55.757%))
  Logic Levels:           1  (OBUF=1)
  Clock Uncertainty:      0.152ns  ((TSJ^2 + TIJ^2)^1/2 + DJ) / 2 + PE
    Total System Jitter     (TSJ):    0.050ns
    Total Input Jitter      (TIJ):    0.300ns
    Discrete Jitter          (DJ):    0.000ns
    Phase Error              (PE):    0.000ns

    Location             Delay type                Incr(ns)  Path(ns)    Netlist Resource(s)
  -------------------------------------------------------------------    -------------------
                         (clock clk_fpga_0 rise edge)
                                                      0.000     0.000 r  
    PS7_X0Y0             PS7                          0.000     0.000 r  design_1_i/processing_system7_0/inst/PS7_i/FCLKCLK[0]
                         net (fo=1, routed)           0.310     0.310    design_1_i/processing_system7_0/inst/FCLK_CLK_unbuffered[0]
    BUFGCTRL_X0Y16       BUFG (Prop_bufg_I_O)         0.026     0.336 r  design_1_i/processing_system7_0/inst/buffer_fclk_clk_0.FCLK_CLK_0_BUFG/O
                         net (fo=5152, routed)        0.555     0.891    design_1_i/Processor_Interconnects/pico_led_RnM/U0/gpio_core_1/s_axi_aclk
    SLICE_X43Y58         FDRE                                         r  design_1_i/Processor_Interconnects/pico_led_RnM/U0/gpio_core_1/Not_Dual.gpio_Data_Out_reg[2]_lopt_replica/C
  -------------------------------------------------------------------    -------------------
    SLICE_X43Y58         FDRE (Prop_fdre_C_Q)         0.141     1.032 r  design_1_i/Processor_Interconnects/pico_led_RnM/U0/gpio_core_1/Not_Dual.gpio_Data_Out_reg[2]_lopt_replica/Q
                         net (fo=1, routed)           1.763     2.795    lopt_2
    P14                  OBUF (Prop_obuf_I_O)         1.258     4.053 r  led_OBUF[1]_inst/O
                         net (fo=0)                   0.000     4.053    led[1]
    P14                                                               r  led[1] (OUT)
  -------------------------------------------------------------------    -------------------

Slack:                    inf
  Source:                 design_1_i/picorv32_processor/picorv32_0/inst/trap_reg_lopt_replica/C
                            (rising edge-triggered cell FDRE clocked by clk_fpga_0  {rise@0.000ns fall@5.000ns period=10.000ns})
  Destination:            led5_r
                            (output port)
  Path Group:             (none)
  Path Type:              Min at Fast Process Corner
  Data Path Delay:        3.188ns  (logic 1.424ns (44.672%)  route 1.764ns (55.328%))
  Logic Levels:           1  (OBUF=1)
  Clock Uncertainty:      0.152ns  ((TSJ^2 + TIJ^2)^1/2 + DJ) / 2 + PE
    Total System Jitter     (TSJ):    0.050ns
    Total Input Jitter      (TIJ):    0.300ns
    Discrete Jitter          (DJ):    0.000ns
    Phase Error              (PE):    0.000ns

    Location             Delay type                Incr(ns)  Path(ns)    Netlist Resource(s)
  -------------------------------------------------------------------    -------------------
                         (clock clk_fpga_0 rise edge)
                                                      0.000     0.000 r  
    PS7_X0Y0             PS7                          0.000     0.000 r  design_1_i/processing_system7_0/inst/PS7_i/FCLKCLK[0]
                         net (fo=1, routed)           0.310     0.310    design_1_i/processing_system7_0/inst/FCLK_CLK_unbuffered[0]
    BUFGCTRL_X0Y16       BUFG (Prop_bufg_I_O)         0.026     0.336 r  design_1_i/processing_system7_0/inst/buffer_fclk_clk_0.FCLK_CLK_0_BUFG/O
                         net (fo=5152, routed)        0.548     0.884    design_1_i/picorv32_processor/picorv32_0/inst/clk
    SLICE_X35Y71         FDRE                                         r  design_1_i/picorv32_processor/picorv32_0/inst/trap_reg_lopt_replica/C
  -------------------------------------------------------------------    -------------------
    SLICE_X35Y71         FDRE (Prop_fdre_C_Q)         0.141     1.025 r  design_1_i/picorv32_processor/picorv32_0/inst/trap_reg_lopt_replica/Q
                         net (fo=1, routed)           1.764     2.788    lopt
    M15                  OBUF (Prop_obuf_I_O)         1.283     4.072 r  led5_r_OBUF_inst/O
                         net (fo=0)                   0.000     4.072    led5_r
    M15                                                               r  led5_r (OUT)
  -------------------------------------------------------------------    -------------------

Slack:                    inf
  Source:                 design_1_i/Processor_Interconnects/pico_led_RnM/U0/gpio_core_1/Not_Dual.gpio_Data_Out_reg[0]_lopt_replica/C
                            (rising edge-triggered cell FDRE clocked by clk_fpga_0  {rise@0.000ns fall@5.000ns period=10.000ns})
  Destination:            led[3]
                            (output port)
  Path Group:             (none)
  Path Type:              Min at Fast Process Corner
  Data Path Delay:        3.353ns  (logic 1.422ns (42.419%)  route 1.931ns (57.581%))
  Logic Levels:           1  (OBUF=1)
  Clock Uncertainty:      0.152ns  ((TSJ^2 + TIJ^2)^1/2 + DJ) / 2 + PE
    Total System Jitter     (TSJ):    0.050ns
    Total Input Jitter      (TIJ):    0.300ns
    Discrete Jitter          (DJ):    0.000ns
    Phase Error              (PE):    0.000ns

    Location             Delay type                Incr(ns)  Path(ns)    Netlist Resource(s)
  -------------------------------------------------------------------    -------------------
                         (clock clk_fpga_0 rise edge)
                                                      0.000     0.000 r  
    PS7_X0Y0             PS7                          0.000     0.000 r  design_1_i/processing_system7_0/inst/PS7_i/FCLKCLK[0]
                         net (fo=1, routed)           0.310     0.310    design_1_i/processing_system7_0/inst/FCLK_CLK_unbuffered[0]
    BUFGCTRL_X0Y16       BUFG (Prop_bufg_I_O)         0.026     0.336 r  design_1_i/processing_system7_0/inst/buffer_fclk_clk_0.FCLK_CLK_0_BUFG/O
                         net (fo=5152, routed)        0.555     0.891    design_1_i/Processor_Interconnects/pico_led_RnM/U0/gpio_core_1/s_axi_aclk
    SLICE_X43Y58         FDRE                                         r  design_1_i/Processor_Interconnects/pico_led_RnM/U0/gpio_core_1/Not_Dual.gpio_Data_Out_reg[0]_lopt_replica/C
  -------------------------------------------------------------------    -------------------
    SLICE_X43Y58         FDRE (Prop_fdre_C_Q)         0.141     1.032 r  design_1_i/Processor_Interconnects/pico_led_RnM/U0/gpio_core_1/Not_Dual.gpio_Data_Out_reg[0]_lopt_replica/Q
                         net (fo=1, routed)           1.931     2.962    lopt_4
    M14                  OBUF (Prop_obuf_I_O)         1.281     4.244 r  led_OBUF[3]_inst/O
                         net (fo=0)                   0.000     4.244    led[3]
    M14                                                               r  led[3] (OUT)
  -------------------------------------------------------------------    -------------------

Slack:                    inf
  Source:                 design_1_i/Processor_Interconnects/pico_led_RnM/U0/gpio_core_1/Not_Dual.gpio_Data_Out_reg[1]_lopt_replica/C
                            (rising edge-triggered cell FDRE clocked by clk_fpga_0  {rise@0.000ns fall@5.000ns period=10.000ns})
  Destination:            led[2]
                            (output port)
  Path Group:             (none)
  Path Type:              Min at Fast Process Corner
  Data Path Delay:        3.367ns  (logic 1.414ns (41.998%)  route 1.953ns (58.002%))
  Logic Levels:           1  (OBUF=1)
  Clock Uncertainty:      0.152ns  ((TSJ^2 + TIJ^2)^1/2 + DJ) / 2 + PE
    Total System Jitter     (TSJ):    0.050ns
    Total Input Jitter      (TIJ):    0.300ns
    Discrete Jitter          (DJ):    0.000ns
    Phase Error              (PE):    0.000ns

    Location             Delay type                Incr(ns)  Path(ns)    Netlist Resource(s)
  -------------------------------------------------------------------    -------------------
                         (clock clk_fpga_0 rise edge)
                                                      0.000     0.000 r  
    PS7_X0Y0             PS7                          0.000     0.000 r  design_1_i/processing_system7_0/inst/PS7_i/FCLKCLK[0]
                         net (fo=1, routed)           0.310     0.310    design_1_i/processing_system7_0/inst/FCLK_CLK_unbuffered[0]
    BUFGCTRL_X0Y16       BUFG (Prop_bufg_I_O)         0.026     0.336 r  design_1_i/processing_system7_0/inst/buffer_fclk_clk_0.FCLK_CLK_0_BUFG/O
                         net (fo=5152, routed)        0.555     0.891    design_1_i/Processor_Interconnects/pico_led_RnM/U0/gpio_core_1/s_axi_aclk
    SLICE_X43Y58         FDRE                                         r  design_1_i/Processor_Interconnects/pico_led_RnM/U0/gpio_core_1/Not_Dual.gpio_Data_Out_reg[1]_lopt_replica/C
  -------------------------------------------------------------------    -------------------
    SLICE_X43Y58         FDRE (Prop_fdre_C_Q)         0.141     1.032 r  design_1_i/Processor_Interconnects/pico_led_RnM/U0/gpio_core_1/Not_Dual.gpio_Data_Out_reg[1]_lopt_replica/Q
                         net (fo=1, routed)           1.953     2.984    lopt_3
    N16                  OBUF (Prop_obuf_I_O)         1.273     4.257 r  led_OBUF[2]_inst/O
                         net (fo=0)                   0.000     4.257    led[2]
    N16                                                               r  led[2] (OUT)
  -------------------------------------------------------------------    -------------------





